,keyword,date,index
1,比特币,2015-01-01,3
1,比特币,2015-01-02,4
1,比特币,2015-01-03,7
1,比特币,2015-01-04,18
1,比特币,2015-01-05,10
1,比特币,2015-01-06,18
1,比特币,2015-01-07,12
1,比特币,2015-01-08,5
1,比特币,2015-01-09,15
1,比特币,2015-01-10,3
1,比特币,2015-01-11,1
1,比特币,2015-01-12,5
1,比特币,2015-01-13,7
1,比特币,2015-01-14,12
1,比特币,2015-01-15,245
1,比特币,2015-01-16,117
1,比特币,2015-01-17,7
1,比特币,2015-01-18,4
1,比特币,2015-01-19,11
1,比特币,2015-01-20,15
1,比特币,2015-01-21,20
1,比特币,2015-01-22,14
1,比特币,2015-01-23,7
1,比特币,2015-01-24,5
1,比特币,2015-01-25,5
1,比特币,2015-01-26,137
1,比特币,2015-01-27,84
1,比特币,2015-01-28,11
1,比特币,2015-01-29,7
1,比特币,2015-01-30,7
1,比特币,2015-01-31,1
1,比特币,2015-02-01,0
1,比特币,2015-02-02,2
1,比特币,2015-02-03,7
1,比特币,2015-02-04,3
1,比特币,2015-02-05,6
1,比特币,2015-02-06,1
1,比特币,2015-02-07,1
1,比特币,2015-02-08,6
1,比特币,2015-02-09,176
1,比特币,2015-02-10,95
1,比特币,2015-02-11,11
1,比特币,2015-02-12,14
1,比特币,2015-02-13,8
1,比特币,2015-02-14,1
1,比特币,2015-02-15,3
1,比特币,2015-02-16,3
1,比特币,2015-02-17,2
1,比特币,2015-02-18,2
1,比特币,2015-02-19,4
1,比特币,2015-02-20,1
1,比特币,2015-02-21,1
1,比特币,2015-02-22,3
1,比特币,2015-02-23,3
1,比特币,2015-02-24,1
1,比特币,2015-02-25,7
1,比特币,2015-02-26,10
1,比特币,2015-02-27,3
1,比特币,2015-02-28,3
1,比特币,2015-03-01,3
1,比特币,2015-03-02,4
1,比特币,2015-03-03,6
1,比特币,2015-03-04,7
1,比特币,2015-03-05,4
1,比特币,2015-03-06,10
1,比特币,2015-03-07,3
1,比特币,2015-03-08,2
1,比特币,2015-03-09,8
1,比特币,2015-03-10,9
1,比特币,2015-03-11,16
1,比特币,2015-03-12,16
1,比特币,2015-03-13,124
1,比特币,2015-03-14,4
1,比特币,2015-03-15,5
1,比特币,2015-03-16,17
1,比特币,2015-03-17,8
1,比特币,2015-03-18,13
1,比特币,2015-03-19,9
1,比特币,2015-03-20,11
1,比特币,2015-03-21,0
1,比特币,2015-03-22,0
1,比特币,2015-03-23,0
1,比特币,2015-03-24,0
1,比特币,2015-03-25,0
1,比特币,2015-03-26,12
1,比特币,2015-03-27,12
1,比特币,2015-03-28,0
1,比特币,2015-03-29,0
1,比特币,2015-03-30,9
1,比特币,2015-03-31,8
1,比特币,2015-04-01,7
1,比特币,2015-04-02,9
1,比特币,2015-04-03,10
1,比特币,2015-04-04,2
1,比特币,2015-04-05,0
1,比特币,2015-04-06,2
1,比特币,2015-04-07,12
1,比特币,2015-04-08,15
1,比特币,2015-04-09,10
1,比特币,2015-04-10,4
1,比特币,2015-04-11,2
1,比特币,2015-04-12,0
1,比特币,2015-04-13,8
1,比特币,2015-04-14,12
1,比特币,2015-04-15,12
1,比特币,2015-04-16,7
1,比特币,2015-04-17,10
1,比特币,2015-04-18,2
1,比特币,2015-04-19,2
1,比特币,2015-04-20,6
1,比特币,2015-04-21,7
1,比特币,2015-04-22,7
1,比特币,2015-04-23,8
1,比特币,2015-04-24,8
1,比特币,2015-04-25,1
1,比特币,2015-04-26,2
1,比特币,2015-04-27,7
1,比特币,2015-04-28,5
1,比特币,2015-04-29,5
1,比特币,2015-04-30,7
1,比特币,2015-05-01,6
1,比特币,2015-05-02,3
1,比特币,2015-05-03,7
1,比特币,2015-05-04,163
1,比特币,2015-05-05,11
1,比特币,2015-05-06,16
1,比特币,2015-05-07,10
1,比特币,2015-05-08,9
1,比特币,2015-05-09,5
1,比特币,2015-05-10,2
1,比特币,2015-05-11,9
1,比特币,2015-05-12,12
1,比特币,2015-05-13,17
1,比特币,2015-05-14,12
1,比特币,2015-05-15,13
1,比特币,2015-05-16,2
1,比特币,2015-05-17,5
1,比特币,2015-05-18,6
1,比特币,2015-05-19,12
1,比特币,2015-05-20,12
1,比特币,2015-05-21,7
1,比特币,2015-05-22,8
1,比特币,2015-05-23,2
1,比特币,2015-05-24,4
1,比特币,2015-05-25,3
1,比特币,2015-05-26,4
1,比特币,2015-05-27,4
1,比特币,2015-05-28,5
1,比特币,2015-05-29,1
1,比特币,2015-05-30,3
1,比特币,2015-05-31,3
1,比特币,2015-06-01,4
1,比特币,2015-06-02,5
1,比特币,2015-06-03,5
1,比特币,2015-06-04,1
1,比特币,2015-06-05,7
1,比特币,2015-06-06,3
1,比特币,2015-06-07,4
1,比特币,2015-06-08,4
1,比特币,2015-06-09,3
1,比特币,2015-06-10,3
1,比特币,2015-06-11,4
1,比特币,2015-06-12,3
1,比特币,2015-06-13,2
1,比特币,2015-06-14,1
1,比特币,2015-06-15,4
1,比特币,2015-06-16,4
1,比特币,2015-06-17,6
1,比特币,2015-06-18,6
1,比特币,2015-06-19,6
1,比特币,2015-06-20,2
1,比特币,2015-06-21,0
1,比特币,2015-06-22,3
1,比特币,2015-06-23,3
1,比特币,2015-06-24,8
1,比特币,2015-06-25,10
1,比特币,2015-06-26,8
1,比特币,2015-06-27,3
1,比特币,2015-06-28,4
1,比特币,2015-06-29,9
1,比特币,2015-06-30,7
1,比特币,2015-07-01,8
1,比特币,2015-07-02,9
1,比特币,2015-07-03,12
1,比特币,2015-07-04,0
1,比特币,2015-07-05,3
1,比特币,2015-07-06,9
1,比特币,2015-07-07,11
1,比特币,2015-07-08,6
1,比特币,2015-07-09,7
1,比特币,2015-07-10,4
1,比特币,2015-07-11,0
1,比特币,2015-07-12,0
1,比特币,2015-07-13,4
1,比特币,2015-07-14,10
1,比特币,2015-07-15,9
1,比特币,2015-07-16,8
1,比特币,2015-07-17,10
1,比特币,2015-07-18,0
1,比特币,2015-07-19,0
1,比特币,2015-07-20,5
1,比特币,2015-07-21,0
1,比特币,2015-07-22,8
1,比特币,2015-07-23,0
1,比特币,2015-07-24,0
1,比特币,2015-07-25,0
1,比特币,2015-07-26,2
1,比特币,2015-07-27,8
1,比特币,2015-07-28,12
1,比特币,2015-07-29,10
1,比特币,2015-07-30,5
1,比特币,2015-07-31,9
1,比特币,2015-08-01,6
1,比特币,2015-08-02,18
1,比特币,2015-08-03,501
1,比特币,2015-08-04,104
1,比特币,2015-08-05,4
1,比特币,2015-08-06,11
1,比特币,2015-08-07,6
1,比特币,2015-08-08,2
1,比特币,2015-08-09,1
1,比特币,2015-08-10,3
1,比特币,2015-08-11,9
1,比特币,2015-08-12,5
1,比特币,2015-08-13,7
1,比特币,2015-08-14,5
1,比特币,2015-08-15,2
1,比特币,2015-08-16,2
1,比特币,2015-08-17,7
1,比特币,2015-08-18,5
1,比特币,2015-08-19,9
1,比特币,2015-08-20,9
1,比特币,2015-08-21,7
1,比特币,2015-08-22,0
1,比特币,2015-08-23,5
1,比特币,2015-08-24,8
1,比特币,2015-08-25,7
1,比特币,2015-08-26,0
1,比特币,2015-08-27,6
1,比特币,2015-08-28,6
1,比特币,2015-08-29,2
1,比特币,2015-08-30,0
1,比特币,2015-08-31,8
1,比特币,2015-09-01,13
1,比特币,2015-09-02,5
1,比特币,2015-09-03,0
1,比特币,2015-09-04,0
1,比特币,2015-09-05,2
1,比特币,2015-09-06,3
1,比特币,2015-09-07,8
1,比特币,2015-09-08,7
1,比特币,2015-09-09,4
1,比特币,2015-09-10,11
1,比特币,2015-09-11,10
1,比特币,2015-09-12,2
1,比特币,2015-09-13,5
1,比特币,2015-09-14,9
1,比特币,2015-09-15,9
1,比特币,2015-09-16,9
1,比特币,2015-09-17,12
1,比特币,2015-09-18,19
1,比特币,2015-09-19,11
1,比特币,2015-09-20,3
1,比特币,2015-09-21,229
1,比特币,2015-09-22,12
1,比特币,2015-09-23,10
1,比特币,2015-09-24,11
1,比特币,2015-09-25,10
1,比特币,2015-09-26,4
1,比特币,2015-09-27,2
1,比特币,2015-09-28,10
1,比特币,2015-09-29,0
1,比特币,2015-09-30,7
1,比特币,2015-10-01,0
1,比特币,2015-10-02,1
1,比特币,2015-10-03,0
1,比特币,2015-10-04,1
1,比特币,2015-10-05,7
1,比特币,2015-10-06,3
1,比特币,2015-10-07,1
1,比特币,2015-10-08,12
1,比特币,2015-10-09,10
1,比特币,2015-10-10,5
1,比特币,2015-10-11,0
1,比特币,2015-10-12,6
1,比特币,2015-10-13,12
1,比特币,2015-10-14,9
1,比特币,2015-10-15,7
1,比特币,2015-10-16,6
1,比特币,2015-10-17,2
1,比特币,2015-10-18,0
1,比特币,2015-10-19,3
1,比特币,2015-10-20,5
1,比特币,2015-10-21,10
1,比特币,2015-10-22,5
1,比特币,2015-10-23,9
1,比特币,2015-10-24,4
1,比特币,2015-10-25,2
1,比特币,2015-10-26,7
1,比特币,2015-10-27,9
1,比特币,2015-10-28,18
1,比特币,2015-10-29,183
1,比特币,2015-10-30,7
1,比特币,2015-10-31,4
1,比特币,2015-11-01,2
1,比特币,2015-11-02,9
1,比特币,2015-11-03,18
1,比特币,2015-11-04,19
1,比特币,2015-11-05,205
1,比特币,2015-11-06,234
1,比特币,2015-11-07,11
1,比特币,2015-11-08,5
1,比特币,2015-11-09,18
1,比特币,2015-11-10,184
1,比特币,2015-11-11,18
1,比特币,2015-11-12,18
1,比特币,2015-11-13,11
1,比特币,2015-11-14,3
1,比特币,2015-11-15,3
1,比特币,2015-11-16,11
1,比特币,2015-11-17,13
1,比特币,2015-11-18,16
1,比特币,2015-11-19,18
1,比特币,2015-11-20,18
1,比特币,2015-11-21,5
1,比特币,2015-11-22,1
1,比特币,2015-11-23,8
1,比特币,2015-11-24,12
1,比特币,2015-11-25,14
1,比特币,2015-11-26,6
1,比特币,2015-11-27,5
1,比特币,2015-11-28,0
1,比特币,2015-11-29,0
1,比特币,2015-11-30,5
1,比特币,2015-12-01,6
1,比特币,2015-12-02,7
1,比特币,2015-12-03,10
1,比特币,2015-12-04,9
1,比特币,2015-12-05,1
1,比特币,2015-12-06,0
1,比特币,2015-12-07,9
1,比特币,2015-12-08,9
1,比特币,2015-12-09,16
1,比特币,2015-12-10,243
1,比特币,2015-12-11,82
1,比特币,2015-12-12,1
1,比特币,2015-12-13,1
1,比特币,2015-12-14,8
1,比特币,2015-12-15,10
1,比特币,2015-12-16,9
1,比特币,2015-12-17,6
1,比特币,2015-12-18,6
1,比特币,2015-12-19,4
1,比特币,2015-12-20,1
1,比特币,2015-12-21,8
1,比特币,2015-12-22,10
1,比特币,2015-12-23,6
1,比特币,2015-12-24,9
1,比特币,2015-12-25,11
1,比特币,2015-12-26,0
1,比特币,2015-12-27,2
1,比特币,2015-12-28,14
1,比特币,2015-12-29,8
1,比特币,2015-12-30,20
1,比特币,2015-12-31,9
1,比特币,2016-01-01,5
1,比特币,2016-01-02,1
1,比特币,2016-01-03,1
1,比特币,2016-01-04,9
1,比特币,2016-01-05,16
1,比特币,2016-01-06,12
1,比特币,2016-01-07,15
1,比特币,2016-01-08,11
1,比特币,2016-01-09,4
1,比特币,2016-01-10,2
1,比特币,2016-01-11,8
1,比特币,2016-01-12,5
1,比特币,2016-01-13,3
1,比特币,2016-01-14,12
1,比特币,2016-01-15,7
1,比特币,2016-01-16,12
1,比特币,2016-01-17,2
1,比特币,2016-01-18,19
1,比特币,2016-01-19,13
1,比特币,2016-01-20,13
1,比特币,2016-01-21,12
1,比特币,2016-01-22,11
1,比特币,2016-01-23,9
1,比特币,2016-01-24,4
1,比特币,2016-01-25,13
1,比特币,2016-01-26,6
1,比特币,2016-01-27,6
1,比特币,2016-01-28,8
1,比特币,2016-01-29,6
1,比特币,2016-01-30,2
1,比特币,2016-01-31,0
1,比特币,2016-02-01,8
1,比特币,2016-02-02,5
1,比特币,2016-02-03,8
1,比特币,2016-02-04,3
1,比特币,2016-02-05,4
1,比特币,2016-02-06,0
1,比特币,2016-02-07,0
1,比特币,2016-02-08,0
1,比特币,2016-02-09,1
1,比特币,2016-02-10,3
1,比特币,2016-02-11,1
1,比特币,2016-02-12,1
1,比特币,2016-02-13,1
1,比特币,2016-02-14,2
1,比特币,2016-02-15,9
1,比特币,2016-02-16,18
1,比特币,2016-02-17,12
1,比特币,2016-02-18,10
1,比特币,2016-02-19,5
1,比特币,2016-02-20,1
1,比特币,2016-02-21,2
1,比特币,2016-02-22,8
1,比特币,2016-02-23,7
1,比特币,2016-02-24,6
1,比特币,2016-02-25,6
1,比特币,2016-02-26,2
1,比特币,2016-02-27,2
1,比特币,2016-02-28,5
1,比特币,2016-02-29,8
1,比特币,2016-03-01,6
1,比特币,2016-03-02,8
1,比特币,2016-03-03,11
1,比特币,2016-03-04,9
1,比特币,2016-03-05,3
1,比特币,2016-03-06,0
1,比特币,2016-03-07,7
1,比特币,2016-03-08,10
1,比特币,2016-03-09,7
1,比特币,2016-03-10,9
1,比特币,2016-03-11,12
1,比特币,2016-03-12,1
1,比特币,2016-03-13,2
1,比特币,2016-03-14,12
1,比特币,2016-03-15,59
1,比特币,2016-03-16,8
1,比特币,2016-03-17,16
1,比特币,2016-03-18,0
1,比特币,2016-03-19,2
1,比特币,2016-03-20,3
1,比特币,2016-03-21,10
1,比特币,2016-03-22,8
1,比特币,2016-03-23,12
1,比特币,2016-03-24,19
1,比特币,2016-03-25,12
1,比特币,2016-03-26,4
1,比特币,2016-03-27,3
1,比特币,2016-03-28,13
1,比特币,2016-03-29,7
1,比特币,2016-03-30,11
1,比特币,2016-03-31,16
1,比特币,2016-04-01,14
1,比特币,2016-04-02,5
1,比特币,2016-04-03,4
1,比特币,2016-04-04,3
1,比特币,2016-04-05,11
1,比特币,2016-04-06,10
1,比特币,2016-04-07,9
1,比特币,2016-04-08,5
1,比特币,2016-04-09,1
1,比特币,2016-04-10,1
1,比特币,2016-04-11,8
1,比特币,2016-04-12,13
1,比特币,2016-04-13,14
1,比特币,2016-04-14,13
1,比特币,2016-04-15,12
1,比特币,2016-04-16,2
1,比特币,2016-04-17,2
1,比特币,2016-04-18,7
1,比特币,2016-04-19,9
1,比特币,2016-04-20,12
1,比特币,2016-04-21,10
1,比特币,2016-04-22,20
1,比特币,2016-04-23,7
1,比特币,2016-04-24,5
1,比特币,2016-04-25,16
1,比特币,2016-04-26,16
1,比特币,2016-04-27,79
1,比特币,2016-04-28,9
1,比特币,2016-04-29,11
1,比特币,2016-04-30,4
1,比特币,2016-05-01,2
1,比特币,2016-05-02,20
1,比特币,2016-05-03,500
1,比特币,2016-05-04,269
1,比特币,2016-05-05,16
1,比特币,2016-05-06,94
1,比特币,2016-05-07,13
1,比特币,2016-05-08,4
1,比特币,2016-05-09,12
1,比特币,2016-05-10,11
1,比特币,2016-05-11,10
1,比特币,2016-05-12,12
1,比特币,2016-05-13,14
1,比特币,2016-05-14,3
1,比特币,2016-05-15,4
1,比特币,2016-05-16,6
1,比特币,2016-05-17,8
1,比特币,2016-05-18,9
1,比特币,2016-05-19,16
1,比特币,2016-05-20,11
1,比特币,2016-05-21,2
1,比特币,2016-05-22,4
1,比特币,2016-05-23,15
1,比特币,2016-05-24,12
1,比特币,2016-05-25,15
1,比特币,2016-05-26,16
1,比特币,2016-05-27,11
1,比特币,2016-05-28,4
1,比特币,2016-05-29,5
1,比特币,2016-05-30,357
1,比特币,2016-05-31,164
1,比特币,2016-06-01,173
1,比特币,2016-06-02,103
1,比特币,2016-06-03,134
1,比特币,2016-06-04,9
1,比特币,2016-06-05,4
1,比特币,2016-06-06,17
1,比特币,2016-06-07,19
1,比特币,2016-06-08,16
1,比特币,2016-06-09,6
1,比特币,2016-06-10,6
1,比特币,2016-06-11,1
1,比特币,2016-06-12,7
1,比特币,2016-06-13,144
1,比特币,2016-06-14,173
1,比特币,2016-06-15,108
1,比特币,2016-06-16,190
1,比特币,2016-06-17,134
1,比特币,2016-06-18,12
1,比特币,2016-06-19,8
1,比特币,2016-06-20,311
1,比特币,2016-06-21,126
1,比特币,2016-06-22,82
1,比特币,2016-06-23,56
1,比特币,2016-06-24,249
1,比特币,2016-06-25,15
1,比特币,2016-06-26,3
1,比特币,2016-06-27,85
1,比特币,2016-06-28,18
1,比特币,2016-06-29,94
1,比特币,2016-06-30,18
1,比特币,2016-07-01,16
1,比特币,2016-07-02,0
1,比特币,2016-07-03,1
1,比特币,2016-07-04,18
1,比特币,2016-07-05,19
1,比特币,2016-07-06,18
1,比特币,2016-07-07,14
1,比特币,2016-07-08,82
1,比特币,2016-07-09,6
1,比特币,2016-07-10,11
1,比特币,2016-07-11,69
1,比特币,2016-07-12,14
1,比特币,2016-07-13,106
1,比特币,2016-07-14,12
1,比特币,2016-07-15,12
1,比特币,2016-07-16,2
1,比特币,2016-07-17,2
1,比特币,2016-07-18,79
1,比特币,2016-07-19,12
1,比特币,2016-07-20,13
1,比特币,2016-07-21,16
1,比特币,2016-07-22,8
1,比特币,2016-07-23,2
1,比特币,2016-07-24,0
1,比特币,2016-07-25,0
1,比特币,2016-07-26,0
1,比特币,2016-07-27,0
1,比特币,2016-07-28,11
1,比特币,2016-07-29,8
1,比特币,2016-07-30,0
1,比特币,2016-07-31,0
1,比特币,2016-08-01,6
1,比特币,2016-08-02,11
1,比特币,2016-08-03,152
1,比特币,2016-08-04,198
1,比特币,2016-08-05,109
1,比特币,2016-08-06,3
1,比特币,2016-08-07,2
1,比特币,2016-08-08,69
1,比特币,2016-08-09,74
1,比特币,2016-08-10,15
1,比特币,2016-08-11,11
1,比特币,2016-08-12,12
1,比特币,2016-08-13,1
1,比特币,2016-08-14,1
1,比特币,2016-08-15,14
1,比特币,2016-08-16,10
1,比特币,2016-08-17,14
1,比特币,2016-08-18,9
1,比特币,2016-08-19,16
1,比特币,2016-08-20,2
1,比特币,2016-08-21,1
1,比特币,2016-08-22,8
1,比特币,2016-08-23,9
1,比特币,2016-08-24,13
1,比特币,2016-08-25,10
1,比特币,2016-08-26,78
1,比特币,2016-08-27,7
1,比特币,2016-08-28,4
1,比特币,2016-08-29,16
1,比特币,2016-08-30,12
1,比特币,2016-08-31,11
1,比特币,2016-09-01,6
1,比特币,2016-09-02,12
1,比特币,2016-09-03,1
1,比特币,2016-09-04,2
1,比特币,2016-09-05,16
1,比特币,2016-09-06,16
1,比特币,2016-09-07,9
1,比特币,2016-09-08,16
1,比特币,2016-09-09,15
1,比特币,2016-09-10,6
1,比特币,2016-09-11,6
1,比特币,2016-09-12,195
1,比特币,2016-09-13,60
1,比特币,2016-09-14,16
1,比特币,2016-09-15,4
1,比特币,2016-09-16,2
1,比特币,2016-09-17,0
1,比特币,2016-09-18,8
1,比特币,2016-09-19,17
1,比特币,2016-09-20,56
1,比特币,2016-09-21,11
1,比特币,2016-09-22,19
1,比特币,2016-09-23,12
1,比特币,2016-09-24,1
1,比特币,2016-09-25,3
1,比特币,2016-09-26,12
1,比特币,2016-09-27,10
1,比特币,2016-09-28,11
1,比特币,2016-09-29,12
1,比特币,2016-09-30,18
1,比特币,2016-10-01,0
1,比特币,2016-10-02,5
1,比特币,2016-10-03,2
1,比特币,2016-10-04,3
1,比特币,2016-10-05,4
1,比特币,2016-10-06,0
1,比特币,2016-10-07,0
1,比特币,2016-10-08,8
1,比特币,2016-10-09,9
1,比特币,2016-10-10,11
1,比特币,2016-10-11,20
1,比特币,2016-10-12,17
1,比特币,2016-10-13,12
1,比特币,2016-10-14,16
1,比特币,2016-10-15,1
1,比特币,2016-10-16,3
1,比特币,2016-10-17,7
1,比特币,2016-10-18,8
1,比特币,2016-10-19,15
1,比特币,2016-10-20,10
1,比特币,2016-10-21,11
1,比特币,2016-10-22,3
1,比特币,2016-10-23,7
1,比特币,2016-10-24,15
1,比特币,2016-10-25,80
1,比特币,2016-10-26,14
1,比特币,2016-10-27,20
1,比特币,2016-10-28,18
1,比特币,2016-10-29,3
1,比特币,2016-10-30,8
1,比特币,2016-10-31,78
1,比特币,2016-11-01,65
1,比特币,2016-11-02,94
1,比特币,2016-11-03,176
1,比特币,2016-11-04,161
1,比特币,2016-11-05,12
1,比特币,2016-11-06,5
1,比特币,2016-11-07,20
1,比特币,2016-11-08,18
1,比特币,2016-11-09,74
1,比特币,2016-11-10,105
1,比特币,2016-11-11,16
1,比特币,2016-11-12,1
1,比特币,2016-11-13,1
1,比特币,2016-11-14,13
1,比特币,2016-11-15,17
1,比特币,2016-11-16,20
1,比特币,2016-11-17,110
1,比特币,2016-11-18,146
1,比特币,2016-11-19,12
1,比特币,2016-11-20,3
1,比特币,2016-11-21,14
1,比特币,2016-11-22,16
1,比特币,2016-11-23,12
1,比特币,2016-11-24,18
1,比特币,2016-11-25,18
1,比特币,2016-11-26,2
1,比特币,2016-11-27,1
1,比特币,2016-11-28,11
1,比特币,2016-11-29,18
1,比特币,2016-11-30,63
1,比特币,2016-12-01,14
1,比特币,2016-12-02,17
1,比特币,2016-12-03,9
1,比特币,2016-12-04,1
1,比特币,2016-12-05,20
1,比特币,2016-12-06,13
1,比特币,2016-12-07,15
1,比特币,2016-12-08,18
1,比特币,2016-12-09,11
1,比特币,2016-12-10,2
1,比特币,2016-12-11,1
1,比特币,2016-12-12,19
1,比特币,2016-12-13,106
1,比特币,2016-12-14,19
1,比特币,2016-12-15,9
1,比特币,2016-12-16,15
1,比特币,2016-12-17,3
1,比特币,2016-12-18,0
1,比特币,2016-12-19,148
1,比特币,2016-12-20,19
1,比特币,2016-12-21,17
1,比特币,2016-12-22,173
1,比特币,2016-12-23,274
1,比特币,2016-12-24,14
1,比特币,2016-12-25,9
1,比特币,2016-12-26,191
1,比特币,2016-12-27,112
1,比特币,2016-12-28,101
1,比特币,2016-12-29,182
1,比特币,2016-12-30,215
1,比特币,2016-12-31,12
1,比特币,2017-01-01,3
1,比特币,2017-01-02,76
1,比特币,2017-01-03,260
1,比特币,2017-01-04,197
1,比特币,2017-01-05,529
1,比特币,2017-01-06,703
1,比特币,2017-01-07,277
1,比特币,2017-01-08,104
1,比特币,2017-01-09,206
1,比特币,2017-01-10,327
1,比特币,2017-01-11,552
1,比特币,2017-01-12,656
1,比特币,2017-01-13,348
1,比特币,2017-01-14,80
1,比特币,2017-01-15,8
1,比特币,2017-01-16,86
1,比特币,2017-01-17,92
1,比特币,2017-01-18,84
1,比特币,2017-01-19,321
1,比特币,2017-01-20,233
1,比特币,2017-01-21,10
1,比特币,2017-01-22,12
1,比特币,2017-01-23,147
1,比特币,2017-01-24,208
1,比特币,2017-01-25,163
1,比特币,2017-01-26,20
1,比特币,2017-01-27,8
1,比特币,2017-01-28,2
1,比特币,2017-01-29,1
1,比特币,2017-01-30,5
1,比特币,2017-01-31,2
1,比特币,2017-02-01,0
1,比特币,2017-02-02,1
1,比特币,2017-02-03,20
1,比特币,2017-02-04,12
1,比特币,2017-02-05,5
1,比特币,2017-02-06,10
1,比特币,2017-02-07,18
1,比特币,2017-02-08,97
1,比特币,2017-02-09,566
1,比特币,2017-02-10,235
1,比特币,2017-02-11,12
1,比特币,2017-02-12,9
1,比特币,2017-02-13,100
1,比特币,2017-02-14,87
1,比特币,2017-02-15,73
1,比特币,2017-02-16,87
1,比特币,2017-02-17,20
1,比特币,2017-02-18,4
1,比特币,2017-02-19,1
1,比特币,2017-02-20,11
1,比特币,2017-02-21,16
1,比特币,2017-02-22,263
1,比特币,2017-02-23,97
1,比特币,2017-02-24,177
1,比特币,2017-02-25,11
1,比特币,2017-02-26,2
1,比特币,2017-02-27,19
1,比特币,2017-02-28,63
1,比特币,2017-03-01,62
1,比特币,2017-03-02,0
1,比特币,2017-03-03,144
1,比特币,2017-03-04,18
1,比特币,2017-03-05,7
1,比特币,2017-03-06,237
1,比特币,2017-03-07,123
1,比特币,2017-03-08,133
1,比特币,2017-03-09,111
1,比特币,2017-03-10,18
1,比特币,2017-03-11,15
1,比特币,2017-03-12,5
1,比特币,2017-03-13,156
1,比特币,2017-03-14,199
1,比特币,2017-03-15,18
1,比特币,2017-03-16,16
1,比特币,2017-03-17,58
1,比特币,2017-03-18,17
1,比特币,2017-03-19,3
1,比特币,2017-03-20,20
1,比特币,2017-03-21,17
1,比特币,2017-03-22,69
1,比特币,2017-03-23,19
1,比特币,2017-03-24,19
1,比特币,2017-03-25,7
1,比特币,2017-03-26,3
1,比特币,2017-03-27,18
1,比特币,2017-03-28,15
1,比特币,2017-03-29,99
1,比特币,2017-03-30,18
1,比特币,2017-03-31,100
1,比特币,2017-04-01,74
1,比特币,2017-04-02,2
1,比特币,2017-04-03,5
1,比特币,2017-04-04,3
1,比特币,2017-04-05,150
1,比特币,2017-04-06,147
1,比特币,2017-04-07,19
1,比特币,2017-04-08,2
1,比特币,2017-04-09,3
1,比特币,2017-04-10,91
1,比特币,2017-04-11,20
1,比特币,2017-04-12,106
1,比特币,2017-04-13,14
1,比特币,2017-04-14,119
1,比特币,2017-04-15,2
1,比特币,2017-04-16,2
1,比特币,2017-04-17,19
1,比特币,2017-04-18,17
1,比特币,2017-04-19,20
1,比特币,2017-04-20,17
1,比特币,2017-04-21,15
1,比特币,2017-04-22,3
1,比特币,2017-04-23,3
1,比特币,2017-04-24,19
1,比特币,2017-04-25,14
1,比特币,2017-04-26,84
1,比特币,2017-04-27,19
1,比特币,2017-04-28,124
1,比特币,2017-04-29,2
1,比特币,2017-04-30,1
1,比特币,2017-05-01,13
1,比特币,2017-05-02,257
1,比特币,2017-05-03,229
1,比特币,2017-05-04,125
1,比特币,2017-05-05,184
1,比特币,2017-05-06,5
1,比特币,2017-05-07,2
1,比特币,2017-05-08,92
1,比特币,2017-05-09,245
1,比特币,2017-05-10,354
1,比特币,2017-05-11,201
1,比特币,2017-05-12,170
1,比特币,2017-05-13,384
1,比特币,2017-05-14,353
1,比特币,2017-05-15,878
1,比特币,2017-05-16,714
1,比特币,2017-05-17,428
1,比特币,2017-05-18,309
1,比特币,2017-05-19,146
1,比特币,2017-05-20,155
1,比特币,2017-05-21,107
1,比特币,2017-05-22,453
1,比特币,2017-05-23,262
1,比特币,2017-05-24,277
1,比特币,2017-05-25,521
1,比特币,2017-05-26,683
1,比特币,2017-05-27,346
1,比特币,2017-05-28,98
1,比特币,2017-05-29,151
1,比特币,2017-05-30,19
1,比特币,2017-05-31,391
1,比特币,2017-06-01,209
1,比特币,2017-06-02,254
1,比特币,2017-06-03,185
1,比特币,2017-06-04,18
1,比特币,2017-06-05,331
1,比特币,2017-06-06,444
1,比特币,2017-06-07,343
1,比特币,2017-06-08,140
1,比特币,2017-06-09,212
1,比特币,2017-06-10,15
1,比特币,2017-06-11,9
1,比特币,2017-06-12,393
1,比特币,2017-06-13,477
1,比特币,2017-06-14,298
1,比特币,2017-06-15,304
1,比特币,2017-06-16,241
1,比特币,2017-06-17,96
1,比特币,2017-06-18,20
1,比特币,2017-06-19,256
1,比特币,2017-06-20,191
1,比特币,2017-06-21,265
1,比特币,2017-06-22,156
1,比特币,2017-06-23,230
1,比特币,2017-06-24,65
1,比特币,2017-06-25,8
1,比特币,2017-06-26,182
1,比特币,2017-06-27,225
1,比特币,2017-06-28,208
1,比特币,2017-06-29,147
1,比特币,2017-06-30,88
1,比特币,2017-07-01,7
1,比特币,2017-07-02,4
1,比特币,2017-07-03,107
1,比特币,2017-07-04,173
1,比特币,2017-07-05,162
1,比特币,2017-07-06,255
1,比特币,2017-07-07,152
1,比特币,2017-07-08,17
1,比特币,2017-07-09,8
1,比特币,2017-07-10,232
1,比特币,2017-07-11,213
1,比特币,2017-07-12,171
1,比特币,2017-07-13,246
1,比特币,2017-07-14,128
1,比特币,2017-07-15,11
1,比特币,2017-07-16,11
1,比特币,2017-07-17,190
1,比特币,2017-07-18,354
1,比特币,2017-07-19,279
1,比特币,2017-07-20,228
1,比特币,2017-07-21,307
1,比特币,2017-07-22,13
1,比特币,2017-07-23,13
1,比特币,2017-07-24,121
1,比特币,2017-07-25,181
1,比特币,2017-07-26,127
1,比特币,2017-07-27,140
1,比特币,2017-07-28,108
1,比特币,2017-07-29,8
1,比特币,2017-07-30,4
1,比特币,2017-07-31,74
1,比特币,2017-08-01,178
1,比特币,2017-08-02,289
1,比特币,2017-08-03,269
1,比特币,2017-08-04,186
1,比特币,2017-08-05,19
1,比特币,2017-08-06,86
1,比特币,2017-08-07,275
1,比特币,2017-08-08,197
1,比特币,2017-08-09,231
1,比特币,2017-08-10,191
1,比特币,2017-08-11,117
1,比特币,2017-08-12,70
1,比特币,2017-08-13,84
1,比特币,2017-08-14,393
1,比特币,2017-08-15,354
1,比特币,2017-08-16,264
1,比特币,2017-08-17,292
1,比特币,2017-08-18,293
1,比特币,2017-08-19,20
1,比特币,2017-08-20,9
1,比特币,2017-08-21,280
1,比特币,2017-08-22,248
1,比特币,2017-08-23,140
1,比特币,2017-08-24,162
1,比特币,2017-08-25,144
1,比特币,2017-08-26,122
1,比特币,2017-08-27,9
1,比特币,2017-08-28,385
1,比特币,2017-08-29,143
1,比特币,2017-08-30,250
1,比特币,2017-08-31,208
1,比特币,2017-09-01,129
1,比特币,2017-09-02,88
1,比特币,2017-09-03,131
1,比特币,2017-09-04,485
1,比特币,2017-09-05,475
1,比特币,2017-09-06,487
1,比特币,2017-09-07,268
1,比特币,2017-09-08,209
1,比特币,2017-09-09,192
1,比特币,2017-09-10,124
1,比特币,2017-09-11,238
1,比特币,2017-09-12,346
1,比特币,2017-09-13,496
1,比特币,2017-09-14,880
1,比特币,2017-09-15,1449
1,比特币,2017-09-16,453
1,比特币,2017-09-17,156
1,比特币,2017-09-18,541
1,比特币,2017-09-19,135
1,比特币,2017-09-20,259
1,比特币,2017-09-21,94
1,比特币,2017-09-22,199
1,比特币,2017-09-23,10
1,比特币,2017-09-24,15
1,比特币,2017-09-25,54
1,比特币,2017-09-26,140
1,比特币,2017-09-27,189
1,比特币,2017-09-28,375
1,比特币,2017-09-29,192
1,比特币,2017-09-30,129
1,比特币,2017-10-01,10
1,比特币,2017-10-02,121
1,比特币,2017-10-03,17
1,比特币,2017-10-04,20
1,比特币,2017-10-05,15
1,比特币,2017-10-06,11
1,比特币,2017-10-07,10
1,比特币,2017-10-08,9
1,比特币,2017-10-09,228
1,比特币,2017-10-10,304
1,比特币,2017-10-11,108
1,比特币,2017-10-12,157
1,比特币,2017-10-13,378
1,比特币,2017-10-14,115
1,比特币,2017-10-15,12
1,比特币,2017-10-16,166
1,比特币,2017-10-17,203
1,比特币,2017-10-18,144
1,比特币,2017-10-19,20
1,比特币,2017-10-20,124
1,比特币,2017-10-21,20
1,比特币,2017-10-22,12
1,比特币,2017-10-23,115
1,比特币,2017-10-24,184
1,比特币,2017-10-25,166
1,比特币,2017-10-26,200
1,比特币,2017-10-27,15
1,比特币,2017-10-28,53
1,比特币,2017-10-29,11
1,比特币,2017-10-30,320
1,比特币,2017-10-31,231
1,比特币,2017-11-01,412
1,比特币,2017-11-02,267
1,比特币,2017-11-03,396
1,比特币,2017-11-04,84
1,比特币,2017-11-05,11
1,比特币,2017-11-06,78
1,比特币,2017-11-07,229
1,比特币,2017-11-08,92
1,比特币,2017-11-09,199
1,比特币,2017-11-10,56
1,比特币,2017-11-11,18
1,比特币,2017-11-12,14
1,比特币,2017-11-13,240
1,比特币,2017-11-14,164
1,比特币,2017-11-15,189
1,比特币,2017-11-16,280
1,比特币,2017-11-17,174
1,比特币,2017-11-18,15
1,比特币,2017-11-19,6
1,比特币,2017-11-20,90
1,比特币,2017-11-21,177
1,比特币,2017-11-22,172
1,比特币,2017-11-23,138
1,比特币,2017-11-24,84
1,比特币,2017-11-25,9
1,比特币,2017-11-26,68
1,比特币,2017-11-27,421
1,比特币,2017-11-28,649
1,比特币,2017-11-29,544
1,比特币,2017-11-30,520
1,比特币,2017-12-01,459
1,比特币,2017-12-02,134
1,比特币,2017-12-03,72
1,比特币,2017-12-04,317
1,比特币,2017-12-05,355
1,比特币,2017-12-06,386
1,比特币,2017-12-07,579
1,比特币,2017-12-08,788
1,比特币,2017-12-09,264
1,比特币,2017-12-10,207
1,比特币,2017-12-11,1027
1,比特币,2017-12-12,956
1,比特币,2017-12-13,899
1,比特币,2017-12-14,493
1,比特币,2017-12-15,617
1,比特币,2017-12-16,198
1,比特币,2017-12-17,112
1,比特币,2017-12-18,661
1,比特币,2017-12-19,371
1,比特币,2017-12-20,741
1,比特币,2017-12-21,172
1,比特币,2017-12-22,765
1,比特币,2017-12-23,391
1,比特币,2017-12-24,171
1,比特币,2017-12-25,663
1,比特币,2017-12-26,169
1,比特币,2017-12-27,484
1,比特币,2017-12-28,163
1,比特币,2017-12-29,345
1,比特币,2017-12-30,77
1,比特币,2017-12-31,11
1,比特币,2018-01-01,15
1,比特币,2018-01-02,333
1,比特币,2018-01-03,637
1,比特币,2018-01-04,446
1,比特币,2018-01-05,331
1,比特币,2018-01-06,114
1,比特币,2018-01-07,107
1,比特币,2018-01-08,377
1,比特币,2018-01-09,438
1,比特币,2018-01-10,370
1,比特币,2018-01-11,442
1,比特币,2018-01-12,404
1,比特币,2018-01-13,149
1,比特币,2018-01-14,93
1,比特币,2018-01-15,387
1,比特币,2018-01-16,432
1,比特币,2018-01-17,633
1,比特币,2018-01-18,579
1,比特币,2018-01-19,359
1,比特币,2018-01-20,196
1,比特币,2018-01-21,109
1,比特币,2018-01-22,320
1,比特币,2018-01-23,407
1,比特币,2018-01-24,306
1,比特币,2018-01-25,367
1,比特币,2018-01-26,379
1,比特币,2018-01-27,99
1,比特币,2018-01-28,96
1,比特币,2018-01-29,448
1,比特币,2018-01-30,515
1,比特币,2018-01-31,350
1,比特币,2018-02-01,353
1,比特币,2018-02-02,752
1,比特币,2018-02-03,281
1,比特币,2018-02-04,120
1,比特币,2018-02-05,378
1,比特币,2018-02-06,732
1,比特币,2018-02-07,543
1,比特币,2018-02-08,347
1,比特币,2018-02-09,231
1,比特币,2018-02-10,194
1,比特币,2018-02-11,230
1,比特币,2018-02-12,268
1,比特币,2018-02-13,158
1,比特币,2018-02-14,136
1,比特币,2018-02-15,166
1,比特币,2018-02-16,129
1,比特币,2018-02-17,123
1,比特币,2018-02-18,87
1,比特币,2018-02-19,225
1,比特币,2018-02-20,196
1,比特币,2018-02-21,172
1,比特币,2018-02-22,323
1,比特币,2018-02-23,281
1,比特币,2018-02-24,320
1,比特币,2018-02-25,139
1,比特币,2018-02-26,273
1,比特币,2018-02-27,354
1,比特币,2018-02-28,320
1,比特币,2018-03-01,307
1,比特币,2018-03-02,244
1,比特币,2018-03-03,48
1,比特币,2018-03-04,15
1,比特币,2018-03-05,110
1,比特币,2018-03-06,231
1,比特币,2018-03-07,166
1,比特币,2018-03-08,305
1,比特币,2018-03-09,402
1,比特币,2018-03-10,78
1,比特币,2018-03-11,17
1,比特币,2018-03-12,230
1,比特币,2018-03-13,151
1,比特币,2018-03-14,201
1,比特币,2018-03-15,287
1,比特币,2018-03-16,334
1,比特币,2018-03-17,84
1,比特币,2018-03-18,12
1,比特币,2018-03-19,229
1,比特币,2018-03-20,166
1,比特币,2018-03-21,254
1,比特币,2018-03-22,182
1,比特币,2018-03-23,142
1,比特币,2018-03-24,14
1,比特币,2018-03-25,169
1,比特币,2018-03-26,275
1,比特币,2018-03-27,264
1,比特币,2018-03-28,102
1,比特币,2018-03-29,97
1,比特币,2018-03-30,241
1,比特币,2018-03-31,92
1,比特币,2018-04-01,15
1,比特币,2018-04-02,198
1,比特币,2018-04-03,65
1,比特币,2018-04-04,124
1,比特币,2018-04-05,11
1,比特币,2018-04-06,13
1,比特币,2018-04-07,15
1,比特币,2018-04-08,118
1,比特币,2018-04-09,110
1,比特币,2018-04-10,79
1,比特币,2018-04-11,97
1,比特币,2018-04-12,136
1,比特币,2018-04-13,243
1,比特币,2018-04-14,20
1,比特币,2018-04-15,13
1,比特币,2018-04-16,165
1,比特币,2018-04-17,104
1,比特币,2018-04-18,187
1,比特币,2018-04-19,118
1,比特币,2018-04-20,292
1,比特币,2018-04-21,87
1,比特币,2018-04-22,10
1,比特币,2018-04-23,160
1,比特币,2018-04-24,181
1,比特币,2018-04-25,287
1,比特币,2018-04-26,124
1,比特币,2018-04-27,160
1,比特币,2018-04-28,0
1,比特币,2018-04-29,0
1,比特币,2018-04-30,10
1,比特币,2018-05-01,14
1,比特币,2018-05-02,142
1,比特币,2018-05-03,0
1,比特币,2018-05-04,102
1,比特币,2018-05-05,69
1,比特币,2018-05-06,16
1,比特币,2018-05-07,188
1,比特币,2018-05-08,347
1,比特币,2018-05-09,171
1,比特币,2018-05-10,143
1,比特币,2018-05-11,266
1,比特币,2018-05-12,68
1,比特币,2018-05-13,18
1,比特币,2018-05-14,156
1,比特币,2018-05-15,232
1,比特币,2018-05-16,191
1,比特币,2018-05-17,223
1,比特币,2018-05-18,287
1,比特币,2018-05-19,18
1,比特币,2018-05-20,10
1,比特币,2018-05-21,116
1,比特币,2018-05-22,122
1,比特币,2018-05-23,175
1,比特币,2018-05-24,198
1,比特币,2018-05-25,151
1,比特币,2018-05-26,72
1,比特币,2018-05-27,14
1,比特币,2018-05-28,189
1,比特币,2018-05-29,119
1,比特币,2018-05-30,151
1,比特币,2018-05-31,115
1,比特币,2018-06-01,109
1,比特币,2018-06-02,76
1,比特币,2018-06-03,80
1,比特币,2018-06-04,103
1,比特币,2018-06-05,175
1,比特币,2018-06-06,137
1,比特币,2018-06-07,135
1,比特币,2018-06-08,119
1,比特币,2018-06-09,16
1,比特币,2018-06-10,20
1,比特币,2018-06-11,389
1,比特币,2018-06-12,188
1,比特币,2018-06-13,161
1,比特币,2018-06-14,224
1,比特币,2018-06-15,166
1,比特币,2018-06-16,100
1,比特币,2018-06-17,14
1,比特币,2018-06-18,15
1,比特币,2018-06-19,162
1,比特币,2018-06-20,209
1,比特币,2018-06-21,224
1,比特币,2018-06-22,163
1,比特币,2018-06-23,90
1,比特币,2018-06-24,17
1,比特币,2018-06-25,270
1,比特币,2018-06-26,120
1,比特币,2018-06-27,100
1,比特币,2018-06-28,149
1,比特币,2018-06-29,98
1,比特币,2018-06-30,108
1,比特币,2018-07-01,15
1,比特币,2018-07-02,116
1,比特币,2018-07-03,155
1,比特币,2018-07-04,84
1,比特币,2018-07-05,125
1,比特币,2018-07-06,79
1,比特币,2018-07-07,20
1,比特币,2018-07-08,13
1,比特币,2018-07-09,156
1,比特币,2018-07-10,163
1,比特币,2018-07-11,176
1,比特币,2018-07-12,128
1,比特币,2018-07-13,237
1,比特币,2018-07-14,14
1,比特币,2018-07-15,14
1,比特币,2018-07-16,114
1,比特币,2018-07-17,167
1,比特币,2018-07-18,293
1,比特币,2018-07-19,56
1,比特币,2018-07-20,79
1,比特币,2018-07-21,18
1,比特币,2018-07-22,17
1,比特币,2018-07-23,84
1,比特币,2018-07-24,248
1,比特币,2018-07-25,145
1,比特币,2018-07-26,88
1,比特币,2018-07-27,165
1,比特币,2018-07-28,14
1,比特币,2018-07-29,19
1,比特币,2018-07-30,100
1,比特币,2018-07-31,120
1,比特币,2018-08-01,137
1,比特币,2018-08-02,106
1,比特币,2018-08-03,105
1,比特币,2018-08-04,85
1,比特币,2018-08-05,19
1,比特币,2018-08-06,197
1,比特币,2018-08-07,115
1,比特币,2018-08-08,129
1,比特币,2018-08-09,174
1,比特币,2018-08-10,134
1,比特币,2018-08-11,64
1,比特币,2018-08-12,17
1,比特币,2018-08-13,111
1,比特币,2018-08-14,102
1,比特币,2018-08-15,113
1,比特币,2018-08-16,214
1,比特币,2018-08-17,63
1,比特币,2018-08-18,15
1,比特币,2018-08-19,11
1,比特币,2018-08-20,122
1,比特币,2018-08-21,77
1,比特币,2018-08-22,91
1,比特币,2018-08-23,138
1,比特币,2018-08-24,73
1,比特币,2018-08-25,5
1,比特币,2018-08-26,5
1,比特币,2018-08-27,71
1,比特币,2018-08-28,89
1,比特币,2018-08-29,17
1,比特币,2018-08-30,86
1,比特币,2018-08-31,76
1,比特币,2018-09-01,10
1,比特币,2018-09-02,6
1,比特币,2018-09-03,18
1,比特币,2018-09-04,15
1,比特币,2018-09-05,63
1,比特币,2018-09-06,161
1,比特币,2018-09-07,88
1,比特币,2018-09-08,9
1,比特币,2018-09-09,8
1,比特币,2018-09-10,20
1,比特币,2018-09-11,17
1,比特币,2018-09-12,7
1,比特币,2018-09-13,11
1,比特币,2018-09-14,14
1,比特币,2018-09-15,9
1,比特币,2018-09-16,5
1,比特币,2018-09-17,20
1,比特币,2018-09-18,41
1,比特币,2018-09-19,20
1,比特币,2018-09-20,62
1,比特币,2018-09-21,20
1,比特币,2018-09-22,9
1,比特币,2018-09-23,7
1,比特币,2018-09-24,6
1,比特币,2018-09-25,16
1,比特币,2018-09-26,18
1,比特币,2018-09-27,8
1,比特币,2018-09-28,45
1,比特币,2018-09-29,12
1,比特币,2018-09-30,10
1,比特币,2018-10-01,2
1,比特币,2018-10-02,7
1,比特币,2018-10-03,10
1,比特币,2018-10-04,7
1,比特币,2018-10-05,11
1,比特币,2018-10-06,5
1,比特币,2018-10-07,11
1,比特币,2018-10-08,18
1,比特币,2018-10-09,13
1,比特币,2018-10-10,84
1,比特币,2018-10-11,111
1,比特币,2018-10-12,17
1,比特币,2018-10-13,5
1,比特币,2018-10-14,5
1,比特币,2018-10-15,64
1,比特币,2018-10-16,114
1,比特币,2018-10-17,15
1,比特币,2018-10-18,16
1,比特币,2018-10-19,20
1,比特币,2018-10-20,5
1,比特币,2018-10-21,2
1,比特币,2018-10-22,14
1,比特币,2018-10-23,17
1,比特币,2018-10-24,16
1,比特币,2018-10-25,18
1,比特币,2018-10-26,36
1,比特币,2018-10-27,4
1,比特币,2018-10-28,3
1,比特币,2018-10-29,53
1,比特币,2018-10-30,68
1,比特币,2018-10-31,111
1,比特币,2018-11-01,153
1,比特币,2018-11-02,102
1,比特币,2018-11-03,18
1,比特币,2018-11-04,11
1,比特币,2018-11-05,192
1,比特币,2018-11-06,132
1,比特币,2018-11-07,153
1,比特币,2018-11-08,47
1,比特币,2018-11-09,126
1,比特币,2018-11-10,9
1,比特币,2018-11-11,6
1,比特币,2018-11-12,75
1,比特币,2018-11-13,46
1,比特币,2018-11-14,58
1,比特币,2018-11-15,182
1,比特币,2018-11-16,67
1,比特币,2018-11-17,14
1,比特币,2018-11-18,14
1,比特币,2018-11-19,92
1,比特币,2018-11-20,283
1,比特币,2018-11-21,257
1,比特币,2018-11-22,321
1,比特币,2018-11-23,121
1,比特币,2018-11-24,71
1,比特币,2018-11-25,138
1,比特币,2018-11-26,442
1,比特币,2018-11-27,358
1,比特币,2018-11-28,197
1,比特币,2018-11-29,129
1,比特币,2018-11-30,140
1,比特币,2018-12-01,70
1,比特币,2018-12-02,13
1,比特币,2018-12-03,116
1,比特币,2018-12-04,182
1,比特币,2018-12-05,83
1,比特币,2018-12-06,95
1,比特币,2018-12-07,112
1,比特币,2018-12-08,12
1,比特币,2018-12-09,14
1,比特币,2018-12-10,68
1,比特币,2018-12-11,81
1,比特币,2018-12-12,59
1,比特币,2018-12-13,73
1,比特币,2018-12-14,127
1,比特币,2018-12-15,16
1,比特币,2018-12-16,6
1,比特币,2018-12-17,93
1,比特币,2018-12-18,100
1,比特币,2018-12-19,79
1,比特币,2018-12-20,101
1,比特币,2018-12-21,173
1,比特币,2018-12-22,15
1,比特币,2018-12-23,11
1,比特币,2018-12-24,97
1,比特币,2018-12-25,106
1,比特币,2018-12-26,101
1,比特币,2018-12-27,81
1,比特币,2018-12-28,105
1,比特币,2018-12-29,61
1,比特币,2018-12-30,10
1,比特币,2018-12-31,3
1,比特币,2019-01-01,9
1,比特币,2019-01-02,20
1,比特币,2019-01-03,87
1,比特币,2019-01-04,93
1,比特币,2019-01-05,8
1,比特币,2019-01-06,6
1,比特币,2019-01-07,50
1,比特币,2019-01-08,86
1,比特币,2019-01-09,45
1,比特币,2019-01-10,19
1,比特币,2019-01-11,63
1,比特币,2019-01-12,5
1,比特币,2019-01-13,7
1,比特币,2019-01-14,68
1,比特币,2019-01-15,52
1,比特币,2019-01-16,15
1,比特币,2019-01-17,52
1,比特币,2019-01-18,43
1,比特币,2019-01-19,7
1,比特币,2019-01-20,6
1,比特币,2019-01-21,77
1,比特币,2019-01-22,76
1,比特币,2019-01-23,17
1,比特币,2019-01-24,76
1,比特币,2019-01-25,87
1,比特币,2019-01-26,7
1,比特币,2019-01-27,7
1,比特币,2019-01-28,18
1,比特币,2019-01-29,16
1,比特币,2019-01-30,19
1,比特币,2019-01-31,20
1,比特币,2019-02-01,16
1,比特币,2019-02-02,6
1,比特币,2019-02-03,4
1,比特币,2019-02-04,6
1,比特币,2019-02-05,6
1,比特币,2019-02-06,6
1,比特币,2019-02-07,9
1,比特币,2019-02-08,2
1,比特币,2019-02-09,6
1,比特币,2019-02-10,1
1,比特币,2019-02-11,20
1,比特币,2019-02-12,18
1,比特币,2019-02-13,15
1,比特币,2019-02-14,20
1,比特币,2019-02-15,9
1,比特币,2019-02-16,5
1,比特币,2019-02-17,1
1,比特币,2019-02-18,8
1,比特币,2019-02-19,12
1,比特币,2019-02-20,41
1,比特币,2019-02-21,32
1,比特币,2019-02-22,16
1,比特币,2019-02-23,3
1,比特币,2019-02-24,9
1,比特币,2019-02-25,64
1,比特币,2019-02-26,60
1,比特币,2019-02-27,45
1,比特币,2019-02-28,37
1,比特币,2019-03-01,9
1,比特币,2019-03-02,4
1,比特币,2019-03-03,4
1,比特币,2019-03-04,10
1,比特币,2019-03-05,18
1,比特币,2019-03-06,18
1,比特币,2019-03-07,42
1,比特币,2019-03-08,10
1,比特币,2019-03-09,4
1,比特币,2019-03-10,5
1,比特币,2019-03-11,17
1,比特币,2019-03-12,17
1,比特币,2019-03-13,15
1,比特币,2019-03-14,19
1,比特币,2019-03-15,66
1,比特币,2019-03-16,7
1,比特币,2019-03-17,6
1,比特币,2019-03-18,73
1,比特币,2019-03-19,58
1,比特币,2019-03-20,78
1,比特币,2019-03-21,65
1,比特币,2019-03-22,19
1,比特币,2019-03-23,7
1,比特币,2019-03-24,4
1,比特币,2019-03-25,130
1,比特币,2019-03-26,53
1,比特币,2019-03-27,19
1,比特币,2019-03-28,18
1,比特币,2019-03-29,14
1,比特币,2019-03-30,5
1,比特币,2019-03-31,6
1,比特币,2019-04-01,46
1,比特币,2019-04-02,164
1,比特币,2019-04-03,153
1,比特币,2019-04-04,114
1,比特币,2019-04-05,9
1,比特币,2019-04-06,0
1,比特币,2019-04-07,6
1,比特币,2019-04-08,52
1,比特币,2019-04-09,107
1,比特币,2019-04-10,67
1,比特币,2019-04-11,55
1,比特币,2019-04-12,37
1,比特币,2019-04-13,5
1,比特币,2019-04-14,8
1,比特币,2019-04-15,49
1,比特币,2019-04-16,67
1,比特币,2019-04-17,19
1,比特币,2019-04-18,19
1,比特币,2019-04-19,40
1,比特币,2019-04-20,11
1,比特币,2019-04-21,5
1,比特币,2019-04-22,18
1,比特币,2019-04-23,44
1,比特币,2019-04-24,94
1,比特币,2019-04-25,37
1,比特币,2019-04-26,53
1,比特币,2019-04-27,8
1,比特币,2019-04-28,17
1,比特币,2019-04-29,67
1,比特币,2019-04-30,16
1,比特币,2019-05-01,8
1,比特币,2019-05-02,8
1,比特币,2019-05-03,8
1,比特币,2019-05-04,15
1,比特币,2019-05-05,134
1,比特币,2019-05-06,92
1,比特币,2019-05-07,70
1,比特币,2019-05-08,103
1,比特币,2019-05-09,105
1,比特币,2019-05-10,84
1,比特币,2019-05-11,77
1,比特币,2019-05-12,79
1,比特币,2019-05-13,126
1,比特币,2019-05-14,308
1,比特币,2019-05-15,203
1,比特币,2019-05-16,93
1,比特币,2019-05-17,201
1,比特币,2019-05-18,20
1,比特币,2019-05-19,16
1,比特币,2019-05-20,98
1,比特币,2019-05-21,115
1,比特币,2019-05-22,138
1,比特币,2019-05-23,187
1,比特币,2019-05-24,64
1,比特币,2019-05-25,10
1,比特币,2019-05-26,15
1,比特币,2019-05-27,145
1,比特币,2019-05-28,126
1,比特币,2019-05-29,81
1,比特币,2019-05-30,93
1,比特币,2019-05-31,178
1,比特币,2019-06-01,10
1,比特币,2019-06-02,5
1,比特币,2019-06-03,29
1,比特币,2019-06-04,113
1,比特币,2019-06-05,89
1,比特币,2019-06-06,19
1,比特币,2019-06-07,3
1,比特币,2019-06-08,6
1,比特币,2019-06-09,9
1,比特币,2019-06-10,16
1,比特币,2019-06-11,60
1,比特币,2019-06-12,65
1,比特币,2019-06-13,0
1,比特币,2019-06-14,17
1,比特币,2019-06-15,13
1,比特币,2019-06-16,10
1,比特币,2019-06-17,82
1,比特币,2019-06-18,126
1,比特币,2019-06-19,88
1,比特币,2019-06-20,57
1,比特币,2019-06-21,64
1,比特币,2019-06-22,127
1,比特币,2019-06-23,83
1,比特币,2019-06-24,179
1,比特币,2019-06-25,95
1,比特币,2019-06-26,220
1,比特币,2019-06-27,237
1,比特币,2019-06-28,186
1,比特币,2019-06-29,10
1,比特币,2019-06-30,0
1,比特币,2019-07-01,15
1,比特币,2019-07-02,10
1,比特币,2019-07-03,14
1,比特币,2019-07-04,13
1,比特币,2019-07-05,8
1,比特币,2019-07-06,3
1,比特币,2019-07-07,4
1,比特币,2019-07-08,7
1,比特币,2019-07-09,7
1,比特币,2019-07-10,11
1,比特币,2019-07-11,13
1,比特币,2019-07-12,15
1,比特币,2019-07-13,13
1,比特币,2019-07-14,7
1,比特币,2019-07-15,102
1,比特币,2019-07-16,57
1,比特币,2019-07-17,124
1,比特币,2019-07-18,100
1,比特币,2019-07-19,62
1,比特币,2019-07-20,9
1,比特币,2019-07-21,8
1,比特币,2019-07-22,16
1,比特币,2019-07-23,40
1,比特币,2019-07-24,12
1,比特币,2019-07-25,0
1,比特币,2019-07-26,12
1,比特币,2019-07-27,4
1,比特币,2019-07-28,7
1,比特币,2019-07-29,14
1,比特币,2019-07-30,15
1,比特币,2019-07-31,20
1,比特币,2019-08-01,41
1,比特币,2019-08-02,20
1,比特币,2019-08-03,2
1,比特币,2019-08-04,2
1,比特币,2019-08-05,0
1,比特币,2019-08-06,83
1,比特币,2019-08-07,40
1,比特币,2019-08-08,19
1,比特币,2019-08-09,16
1,比特币,2019-08-10,9
1,比特币,2019-08-11,4
1,比特币,2019-08-12,14
1,比特币,2019-08-13,20
1,比特币,2019-08-14,16
1,比特币,2019-08-15,18
1,比特币,2019-08-16,15
1,比特币,2019-08-17,9
1,比特币,2019-08-18,4
1,比特币,2019-08-19,12
1,比特币,2019-08-20,10
1,比特币,2019-08-21,8
1,比特币,2019-08-22,18
1,比特币,2019-08-23,11
1,比特币,2019-08-24,5
1,比特币,2019-08-25,4
1,比特币,2019-08-26,51
1,比特币,2019-08-27,14
1,比特币,2019-08-28,11
1,比特币,2019-08-29,20
1,比特币,2019-08-30,15
1,比特币,2019-08-31,4
1,比特币,2019-09-01,0
1,比特币,2019-09-02,0
1,比特币,2019-09-03,14
1,比特币,2019-09-04,18
1,比特币,2019-09-05,30
1,比特币,2019-09-06,20
1,比特币,2019-09-07,5
1,比特币,2019-09-08,6
1,比特币,2019-09-09,19
1,比特币,2019-09-10,19
1,比特币,2019-09-11,15
1,比特币,2019-09-12,0
1,比特币,2019-09-13,0
1,比特币,2019-09-14,4
1,比特币,2019-09-15,2
1,比特币,2019-09-16,12
1,比特币,2019-09-17,11
1,比特币,2019-09-18,13
1,比特币,2019-09-19,49
1,比特币,2019-09-20,15
1,比特币,2019-09-21,3
1,比特币,2019-09-22,8
1,比特币,2019-09-23,19
1,比特币,2019-09-24,16
1,比特币,2019-09-25,141
1,比特币,2019-09-26,99
1,比特币,2019-09-27,61
1,比特币,2019-09-28,12
1,比特币,2019-09-29,18
1,比特币,2019-09-30,16
1,比特币,2019-10-01,7
1,比特币,2019-10-02,1
1,比特币,2019-10-03,3
1,比特币,2019-10-04,8
1,比特币,2019-10-05,6
1,比特币,2019-10-06,6
1,比特币,2019-10-07,6
1,比特币,2019-10-08,15
1,比特币,2019-10-09,12
1,比特币,2019-10-10,46
1,比特币,2019-10-11,19
1,比特币,2019-10-12,14
1,比特币,2019-10-13,2
1,比特币,2019-10-14,10
1,比特币,2019-10-15,10
1,比特币,2019-10-16,12
1,比特币,2019-10-17,16
1,比特币,2019-10-18,10
1,比特币,2019-10-19,3
1,比特币,2019-10-20,7
1,比特币,2019-10-21,19
1,比特币,2019-10-22,0
1,比特币,2019-10-23,59
1,比特币,2019-10-24,84
1,比特币,2019-10-25,71
1,比特币,2019-10-26,97
1,比特币,2019-10-27,15
1,比特币,2019-10-28,122
1,比特币,2019-10-29,104
1,比特币,2019-10-30,70
1,比特币,2019-10-31,83
1,比特币,2019-11-01,25
1,比特币,2019-11-02,5
1,比特币,2019-11-03,6
1,比特币,2019-11-04,34
1,比特币,2019-11-05,52
1,比特币,2019-11-06,17
1,比特币,2019-11-07,44
1,比特币,2019-11-08,17
1,比特币,2019-11-09,3
1,比特币,2019-11-10,3
1,比特币,2019-11-11,16
1,比特币,2019-11-12,14
1,比特币,2019-11-13,18
1,比特币,2019-11-14,18
1,比特币,2019-11-15,0
1,比特币,2019-11-16,0
1,比特币,2019-11-17,7
1,比特币,2019-11-18,18
1,比特币,2019-11-19,20
1,比特币,2019-11-20,48
1,比特币,2019-11-21,75
1,比特币,2019-11-22,103
1,比特币,2019-11-23,89
1,比特币,2019-11-24,9
1,比特币,2019-11-25,60
1,比特币,2019-11-26,15
1,比特币,2019-11-27,16
1,比特币,2019-11-28,17
1,比特币,2019-11-29,18
1,比特币,2019-11-30,5
1,比特币,2019-12-01,6
1,比特币,2019-12-02,17
1,比特币,2019-12-03,59
1,比特币,2019-12-04,17
1,比特币,2019-12-05,8
1,比特币,2019-12-06,9
1,比特币,2019-12-07,4
1,比特币,2019-12-08,5
1,比特币,2019-12-09,0
1,比特币,2019-12-10,6
1,比特币,2019-12-11,16
1,比特币,2019-12-12,0
