,keyword,type,date,index
1,比特币,all,2015/1/1,5171
1,比特币,all,2015/1/2,5837
1,比特币,all,2015/1/3,8066
1,比特币,all,2015/1/4,11453
1,比特币,all,2015/1/5,9699
1,比特币,all,2015/1/6,7453
1,比特币,all,2015/1/7,7001
1,比特币,all,2015/1/8,5942
1,比特币,all,2015/1/9,6067
1,比特币,all,2015/1/10,5760
1,比特币,all,2015/1/11,5725
1,比特币,all,2015/1/12,7075
1,比特币,all,2015/1/13,8325
1,比特币,all,2015/1/14,14325
1,比特币,all,2015/1/15,12529
1,比特币,all,2015/1/16,8513
1,比特币,all,2015/1/17,7032
1,比特币,all,2015/1/18,7421
1,比特币,all,2015/1/19,9808
1,比特币,all,2015/1/20,8008
1,比特币,all,2015/1/21,7643
1,比特币,all,2015/1/22,8683
1,比特币,all,2015/1/23,6664
1,比特币,all,2015/1/24,6401
1,比特币,all,2015/1/25,7666
1,比特币,all,2015/1/26,10145
1,比特币,all,2015/1/27,9032
1,比特币,all,2015/1/28,7078
1,比特币,all,2015/1/29,7249
1,比特币,all,2015/1/30,6420
1,比特币,all,2015/1/31,5529
1,比特币,all,2015/2/1,5603
1,比特币,all,2015/2/2,6222
1,比特币,all,2015/2/3,6248
1,比特币,all,2015/2/4,6139
1,比特币,all,2015/2/5,5658
1,比特币,all,2015/2/6,5391
1,比特币,all,2015/2/7,4638
1,比特币,all,2015/2/8,7369
1,比特币,all,2015/2/9,7578
1,比特币,all,2015/2/10,6119
1,比特币,all,2015/2/11,5163
1,比特币,all,2015/2/12,4686
1,比特币,all,2015/2/13,5014
1,比特币,all,2015/2/14,4655
1,比特币,all,2015/2/15,5378
1,比特币,all,2015/2/16,5545
1,比特币,all,2015/2/17,4816
1,比特币,all,2015/2/18,3610
1,比特币,all,2015/2/19,4083
1,比特币,all,2015/2/20,4624
1,比特币,all,2015/2/21,4209
1,比特币,all,2015/2/22,4407
1,比特币,all,2015/2/23,4453
1,比特币,all,2015/2/24,4235
1,比特币,all,2015/2/25,4695
1,比特币,all,2015/2/26,5892
1,比特币,all,2015/2/27,7288
1,比特币,all,2015/2/28,6366
1,比特币,all,2015/3/1,5921
1,比特币,all,2015/3/2,6794
1,比特币,all,2015/3/3,6574
1,比特币,all,2015/3/4,7422
1,比特币,all,2015/3/5,6034
1,比特币,all,2015/3/6,5451
1,比特币,all,2015/3/7,5291
1,比特币,all,2015/3/8,5153
1,比特币,all,2015/3/9,6065
1,比特币,all,2015/3/10,7110
1,比特币,all,2015/3/11,6637
1,比特币,all,2015/3/12,7171
1,比特币,all,2015/3/13,6230
1,比特币,all,2015/3/14,6730
1,比特币,all,2015/3/15,5883
1,比特币,all,2015/3/16,6216
1,比特币,all,2015/3/17,5702
1,比特币,all,2015/3/18,6287
1,比特币,all,2015/3/19,6645
1,比特币,all,2015/3/20,5894
1,比特币,all,2015/3/21,4806
1,比特币,all,2015/3/22,4879
1,比特币,all,2015/3/23,5686
1,比特币,all,2015/3/24,6109
1,比特币,all,2015/3/25,6349
1,比特币,all,2015/3/26,6017
1,比特币,all,2015/3/27,5556
1,比特币,all,2015/3/28,4832
1,比特币,all,2015/3/29,4770
1,比特币,all,2015/3/30,5746
1,比特币,all,2015/3/31,5470
1,比特币,all,2015/4/1,5403
1,比特币,all,2015/4/2,6141
1,比特币,all,2015/4/3,5048
1,比特币,all,2015/4/4,4262
1,比特币,all,2015/4/5,4139
1,比特币,all,2015/4/6,4647
1,比特币,all,2015/4/7,6228
1,比特币,all,2015/4/8,6033
1,比特币,all,2015/4/9,5641
1,比特币,all,2015/4/10,5326
1,比特币,all,2015/4/11,5010
1,比特币,all,2015/4/12,4674
1,比特币,all,2015/4/13,5309
1,比特币,all,2015/4/14,7747
1,比特币,all,2015/4/15,6331
1,比特币,all,2015/4/16,5733
1,比特币,all,2015/4/17,5842
1,比特币,all,2015/4/18,4875
1,比特币,all,2015/4/19,5061
1,比特币,all,2015/4/20,5623
1,比特币,all,2015/4/21,5895
1,比特币,all,2015/4/22,6007
1,比特币,all,2015/4/23,5565
1,比特币,all,2015/4/24,4977
1,比特币,all,2015/4/25,4442
1,比特币,all,2015/4/26,5583
1,比特币,all,2015/4/27,5674
1,比特币,all,2015/4/28,5483
1,比特币,all,2015/4/29,5042
1,比特币,all,2015/4/30,5037
1,比特币,all,2015/5/1,4525
1,比特币,all,2015/5/2,4265
1,比特币,all,2015/5/3,7724
1,比特币,all,2015/5/4,25956
1,比特币,all,2015/5/5,14019
1,比特币,all,2015/5/6,15349
1,比特币,all,2015/5/7,6810
1,比特币,all,2015/5/8,5791
1,比特币,all,2015/5/9,5353
1,比特币,all,2015/5/10,4922
1,比特币,all,2015/5/11,5593
1,比特币,all,2015/5/12,5638
1,比特币,all,2015/5/13,8248
1,比特币,all,2015/5/14,7195
1,比特币,all,2015/5/15,5993
1,比特币,all,2015/5/16,5575
1,比特币,all,2015/5/17,5308
1,比特币,all,2015/5/18,8038
1,比特币,all,2015/5/19,7510
1,比特币,all,2015/5/20,5938
1,比特币,all,2015/5/21,5500
1,比特币,all,2015/5/22,5222
1,比特币,all,2015/5/23,5055
1,比特币,all,2015/5/24,5008
1,比特币,all,2015/5/25,5877
1,比特币,all,2015/5/26,5478
1,比特币,all,2015/5/27,5558
1,比特币,all,2015/5/28,5765
1,比特币,all,2015/5/29,5274
1,比特币,all,2015/5/30,4960
1,比特币,all,2015/5/31,4841
1,比特币,all,2015/6/1,5149
1,比特币,all,2015/6/2,5335
1,比特币,all,2015/6/3,5147
1,比特币,all,2015/6/4,5312
1,比特币,all,2015/6/5,5043
1,比特币,all,2015/6/6,5096
1,比特币,all,2015/6/7,4858
1,比特币,all,2015/6/8,5087
1,比特币,all,2015/6/9,5269
1,比特币,all,2015/6/10,5134
1,比特币,all,2015/6/11,5151
1,比特币,all,2015/6/12,5012
1,比特币,all,2015/6/13,4699
1,比特币,all,2015/6/14,5095
1,比特币,all,2015/6/15,5281
1,比特币,all,2015/6/16,6228
1,比特币,all,2015/6/17,8069
1,比特币,all,2015/6/18,6702
1,比特币,all,2015/6/19,6024
1,比特币,all,2015/6/20,5149
1,比特币,all,2015/6/21,5510
1,比特币,all,2015/6/22,5519
1,比特币,all,2015/6/23,5681
1,比特币,all,2015/6/24,5472
1,比特币,all,2015/6/25,5500
1,比特币,all,2015/6/26,5558
1,比特币,all,2015/6/27,4926
1,比特币,all,2015/6/28,5253
1,比特币,all,2015/6/29,7133
1,比特币,all,2015/6/30,8582
1,比特币,all,2015/7/1,7295
1,比特币,all,2015/7/2,7243
1,比特币,all,2015/7/3,7356
1,比特币,all,2015/7/4,5770
1,比特币,all,2015/7/5,6170
1,比特币,all,2015/7/6,8714
1,比特币,all,2015/7/7,9330
1,比特币,all,2015/7/8,9275
1,比特币,all,2015/7/9,9296
1,比特币,all,2015/7/10,11694
1,比特币,all,2015/7/11,8855
1,比特币,all,2015/7/12,8464
1,比特币,all,2015/7/13,9815
1,比特币,all,2015/7/14,9442
1,比特币,all,2015/7/15,8059
1,比特币,all,2015/7/16,7783
1,比特币,all,2015/7/17,6897
1,比特币,all,2015/7/18,6099
1,比特币,all,2015/7/19,5916
1,比特币,all,2015/7/20,6430
1,比特币,all,2015/7/21,6311
1,比特币,all,2015/7/22,5996
1,比特币,all,2015/7/23,9323
1,比特币,all,2015/7/24,9649
1,比特币,all,2015/7/25,6568
1,比特币,all,2015/7/26,6879
1,比特币,all,2015/7/27,7450
1,比特币,all,2015/7/28,6864
1,比特币,all,2015/7/29,6585
1,比特币,all,2015/7/30,7891
1,比特币,all,2015/7/31,7547
1,比特币,all,2015/8/1,6888
1,比特币,all,2015/8/2,14802
1,比特币,all,2015/8/3,24677
1,比特币,all,2015/8/4,11560
1,比特币,all,2015/8/5,6853
1,比特币,all,2015/8/6,6332
1,比特币,all,2015/8/7,6319
1,比特币,all,2015/8/8,5921
1,比特币,all,2015/8/9,6275
1,比特币,all,2015/8/10,7254
1,比特币,all,2015/8/11,6967
1,比特币,all,2015/8/12,7055
1,比特币,all,2015/8/13,6228
1,比特币,all,2015/8/14,5571
1,比特币,all,2015/8/15,5476
1,比特币,all,2015/8/16,5422
1,比特币,all,2015/8/17,6667
1,比特币,all,2015/8/18,7551
1,比特币,all,2015/8/19,7920
1,比特币,all,2015/8/20,6320
1,比特币,all,2015/8/21,6601
1,比特币,all,2015/8/22,6150
1,比特币,all,2015/8/23,6379
1,比特币,all,2015/8/24,7559
1,比特币,all,2015/8/25,8889
1,比特币,all,2015/8/26,8164
1,比特币,all,2015/8/27,8518
1,比特币,all,2015/8/28,8179
1,比特币,all,2015/8/29,6574
1,比特币,all,2015/8/30,6855
1,比特币,all,2015/8/31,7984
1,比特币,all,2015/9/1,7175
1,比特币,all,2015/9/2,6178
1,比特币,all,2015/9/3,4742
1,比特币,all,2015/9/4,5531
1,比特币,all,2015/9/5,5771
1,比特币,all,2015/9/6,6967
1,比特币,all,2015/9/7,6575
1,比特币,all,2015/9/8,6768
1,比特币,all,2015/9/9,6753
1,比特币,all,2015/9/10,6499
1,比特币,all,2015/9/11,6286
1,比特币,all,2015/9/12,5781
1,比特币,all,2015/9/13,6168
1,比特币,all,2015/9/14,6734
1,比特币,all,2015/9/15,6089
1,比特币,all,2015/9/16,6165
1,比特币,all,2015/9/17,6375
1,比特币,all,2015/9/18,9915
1,比特币,all,2015/9/19,7420
1,比特币,all,2015/9/20,7686
1,比特币,all,2015/9/21,8824
1,比特币,all,2015/9/22,7617
1,比特币,all,2015/9/23,7333
1,比特币,all,2015/9/24,6956
1,比特币,all,2015/9/25,6012
1,比特币,all,2015/9/26,5082
1,比特币,all,2015/9/27,4484
1,比特币,all,2015/9/28,6179
1,比特币,all,2015/9/29,6312
1,比特币,all,2015/9/30,5450
1,比特币,all,2015/10/1,4603
1,比特币,all,2015/10/2,4959
1,比特币,all,2015/10/3,5050
1,比特币,all,2015/10/4,5219
1,比特币,all,2015/10/5,5809
1,比特币,all,2015/10/6,7813
1,比特币,all,2015/10/7,7155
1,比特币,all,2015/10/8,7198
1,比特币,all,2015/10/9,7404
1,比特币,all,2015/10/10,6886
1,比特币,all,2015/10/11,5242
1,比特币,all,2015/10/12,6594
1,比特币,all,2015/10/13,7120
1,比特币,all,2015/10/14,6587
1,比特币,all,2015/10/15,6628
1,比特币,all,2015/10/16,6897
1,比特币,all,2015/10/17,7586
1,比特币,all,2015/10/18,6735
1,比特币,all,2015/10/19,10460
1,比特币,all,2015/10/20,7775
1,比特币,all,2015/10/21,6831
1,比特币,all,2015/10/22,6881
1,比特币,all,2015/10/23,8733
1,比特币,all,2015/10/24,7503
1,比特币,all,2015/10/25,8003
1,比特币,all,2015/10/26,9702
1,比特币,all,2015/10/27,7955
1,比特币,all,2015/10/28,17365
1,比特币,all,2015/10/29,24230
1,比特币,all,2015/10/30,14287
1,比特币,all,2015/10/31,9768
1,比特币,all,2015/11/1,15364
1,比特币,all,2015/11/2,10929
1,比特币,all,2015/11/3,14991
1,比特币,all,2015/11/4,24434
1,比特币,all,2015/11/5,23102
1,比特币,all,2015/11/6,18737
1,比特币,all,2015/11/7,14265
1,比特币,all,2015/11/8,13526
1,比特币,all,2015/11/9,16823
1,比特币,all,2015/11/10,17820
1,比特币,all,2015/11/11,14028
1,比特币,all,2015/11/12,15637
1,比特币,all,2015/11/13,12634
1,比特币,all,2015/11/14,10760
1,比特币,all,2015/11/15,11543
1,比特币,all,2015/11/16,12182
1,比特币,all,2015/11/17,13240
1,比特币,all,2015/11/18,12797
1,比特币,all,2015/11/19,11664
1,比特币,all,2015/11/20,12549
1,比特币,all,2015/11/21,9913
1,比特币,all,2015/11/22,9491
1,比特币,all,2015/11/23,9833
1,比特币,all,2015/11/24,9738
1,比特币,all,2015/11/25,9458
1,比特币,all,2015/11/26,11218
1,比特币,all,2015/11/27,10873
1,比特币,all,2015/11/28,8946
1,比特币,all,2015/11/29,8569
1,比特币,all,2015/11/30,10552
1,比特币,all,2015/12/1,10476
1,比特币,all,2015/12/2,9678
1,比特币,all,2015/12/3,9493
1,比特币,all,2015/12/4,8441
1,比特币,all,2015/12/5,8713
1,比特币,all,2015/12/6,9892
1,比特币,all,2015/12/7,10301
1,比特币,all,2015/12/8,10052
1,比特币,all,2015/12/9,14908
1,比特币,all,2015/12/10,21742
1,比特币,all,2015/12/11,17024
1,比特币,all,2015/12/12,14116
1,比特币,all,2015/12/13,12997
1,比特币,all,2015/12/14,11336
1,比特币,all,2015/12/15,11863
1,比特币,all,2015/12/16,11694
1,比特币,all,2015/12/17,10466
1,比特币,all,2015/12/18,8979
1,比特币,all,2015/12/19,8351
1,比特币,all,2015/12/20,8170
1,比特币,all,2015/12/21,10407
1,比特币,all,2015/12/22,10473
1,比特币,all,2015/12/23,11120
1,比特币,all,2015/12/24,10960
1,比特币,all,2015/12/25,9518
1,比特币,all,2015/12/26,9945
1,比特币,all,2015/12/27,8895
1,比特币,all,2015/12/28,9003
1,比特币,all,2015/12/29,9044
1,比特币,all,2015/12/30,8113
1,比特币,all,2015/12/31,7281
1,比特币,all,2016/1/1,7161
1,比特币,all,2016/1/2,6141
1,比特币,all,2016/1/3,6598
1,比特币,all,2016/1/4,8943
1,比特币,all,2016/1/5,7900
1,比特币,all,2016/1/6,7688
1,比特币,all,2016/1/7,9248
1,比特币,all,2016/1/8,8679
1,比特币,all,2016/1/9,7171
1,比特币,all,2016/1/10,6609
1,比特币,all,2016/1/11,7255
1,比特币,all,2016/1/12,7541
1,比特币,all,2016/1/13,7241
1,比特币,all,2016/1/14,6662
1,比特币,all,2016/1/15,7304
1,比特币,all,2016/1/16,11343
1,比特币,all,2016/1/17,9051
1,比特币,all,2016/1/18,9220
1,比特币,all,2016/1/19,7403
1,比特币,all,2016/1/20,7929
1,比特币,all,2016/1/21,10082
1,比特币,all,2016/1/22,10273
1,比特币,all,2016/1/23,7497
1,比特币,all,2016/1/24,7111
1,比特币,all,2016/1/25,7067
1,比特币,all,2016/1/26,7046
1,比特币,all,2016/1/27,6856
1,比特币,all,2016/1/28,6672
1,比特币,all,2016/1/29,6580
1,比特币,all,2016/1/30,5094
1,比特币,all,2016/1/31,4747
1,比特币,all,2016/2/1,5796
1,比特币,all,2016/2/2,5042
1,比特币,all,2016/2/3,4711
1,比特币,all,2016/2/4,4751
1,比特币,all,2016/2/5,4491
1,比特币,all,2016/2/6,3564
1,比特币,all,2016/2/7,2498
1,比特币,all,2016/2/8,2673
1,比特币,all,2016/2/9,3203
1,比特币,all,2016/2/10,3625
1,比特币,all,2016/2/11,4033
1,比特币,all,2016/2/12,4028
1,比特币,all,2016/2/13,4484
1,比特币,all,2016/2/14,5126
1,比特币,all,2016/2/15,5824
1,比特币,all,2016/2/16,6999
1,比特币,all,2016/2/17,7192
1,比特币,all,2016/2/18,7333
1,比特币,all,2016/2/19,6749
1,比特币,all,2016/2/20,5984
1,比特币,all,2016/2/21,6875
1,比特币,all,2016/2/22,7403
1,比特币,all,2016/2/23,7437
1,比特币,all,2016/2/24,7178
1,比特币,all,2016/2/25,7366
1,比特币,all,2016/2/26,6939
1,比特币,all,2016/2/27,6351
1,比特币,all,2016/2/28,6511
1,比特币,all,2016/2/29,8575
1,比特币,all,2016/3/1,8784
1,比特币,all,2016/3/2,8435
1,比特币,all,2016/3/3,8617
1,比特币,all,2016/3/4,8568
1,比特币,all,2016/3/5,7939
1,比特币,all,2016/3/6,7453
1,比特币,all,2016/3/7,8559
1,比特币,all,2016/3/8,8715
1,比特币,all,2016/3/9,8619
1,比特币,all,2016/3/10,8681
1,比特币,all,2016/3/11,8677
1,比特币,all,2016/3/12,6801
1,比特币,all,2016/3/13,6876
1,比特币,all,2016/3/14,8581
1,比特币,all,2016/3/15,7836
1,比特币,all,2016/3/16,7526
1,比特币,all,2016/3/17,7702
1,比特币,all,2016/3/18,7307
1,比特币,all,2016/3/19,6591
1,比特币,all,2016/3/20,6448
1,比特币,all,2016/3/21,7401
1,比特币,all,2016/3/22,7561
1,比特币,all,2016/3/23,7543
1,比特币,all,2016/3/24,8230
1,比特币,all,2016/3/25,6023
1,比特币,all,2016/3/26,5215
1,比特币,all,2016/3/27,5283
1,比特币,all,2016/3/28,6612
1,比特币,all,2016/3/29,6564
1,比特币,all,2016/3/30,6409
1,比特币,all,2016/3/31,7344
1,比特币,all,2016/4/1,6184
1,比特币,all,2016/4/2,5553
1,比特币,all,2016/4/3,5395
1,比特币,all,2016/4/4,5423
1,比特币,all,2016/4/5,5979
1,比特币,all,2016/4/6,6012
1,比特币,all,2016/4/7,6915
1,比特币,all,2016/4/8,6033
1,比特币,all,2016/4/9,5797
1,比特币,all,2016/4/10,5524
1,比特币,all,2016/4/11,6475
1,比特币,all,2016/4/12,8019
1,比特币,all,2016/4/13,8701
1,比特币,all,2016/4/14,6446
1,比特币,all,2016/4/15,6172
1,比特币,all,2016/4/16,4708
1,比特币,all,2016/4/17,3923
1,比特币,all,2016/4/18,5687
1,比特币,all,2016/4/19,4917
1,比特币,all,2016/4/20,5766
1,比特币,all,2016/4/21,5385
1,比特币,all,2016/4/22,5840
1,比特币,all,2016/4/23,7020
1,比特币,all,2016/4/24,7571
1,比特币,all,2016/4/25,7821
1,比特币,all,2016/4/26,7185
1,比特币,all,2016/4/27,8164
1,比特币,all,2016/4/28,8084
1,比特币,all,2016/4/29,6075
1,比特币,all,2016/4/30,5041
1,比特币,all,2016/5/1,4551
1,比特币,all,2016/5/2,9072
1,比特币,all,2016/5/3,14888
1,比特币,all,2016/5/4,9294
1,比特币,all,2016/5/5,7170
1,比特币,all,2016/5/6,7840
1,比特币,all,2016/5/7,11961
1,比特币,all,2016/5/8,6944
1,比特币,all,2016/5/9,8045
1,比特币,all,2016/5/10,7050
1,比特币,all,2016/5/11,6208
1,比特币,all,2016/5/12,8895
1,比特币,all,2016/5/13,7920
1,比特币,all,2016/5/14,6037
1,比特币,all,2016/5/15,6054
1,比特币,all,2016/5/16,6381
1,比特币,all,2016/5/17,6214
1,比特币,all,2016/5/18,5575
1,比特币,all,2016/5/19,5712
1,比特币,all,2016/5/20,5290
1,比特币,all,2016/5/21,5066
1,比特币,all,2016/5/22,5070
1,比特币,all,2016/5/23,5911
1,比特币,all,2016/5/24,6057
1,比特币,all,2016/5/25,6055
1,比特币,all,2016/5/26,6905
1,比特币,all,2016/5/27,8883
1,比特币,all,2016/5/28,8584
1,比特币,all,2016/5/29,12513
1,比特币,all,2016/5/30,19327
1,比特币,all,2016/5/31,15912
1,比特币,all,2016/6/1,10458
1,比特币,all,2016/6/2,9971
1,比特币,all,2016/6/3,10695
1,比特币,all,2016/6/4,7087
1,比特币,all,2016/6/5,7177
1,比特币,all,2016/6/6,7872
1,比特币,all,2016/6/7,7032
1,比特币,all,2016/6/8,8641
1,比特币,all,2016/6/9,5893
1,比特币,all,2016/6/10,5679
1,比特币,all,2016/6/11,6270
1,比特币,all,2016/6/12,10629
1,比特币,all,2016/6/13,62680
1,比特币,all,2016/6/14,15199
1,比特币,all,2016/6/15,13042
1,比特币,all,2016/6/16,15275
1,比特币,all,2016/6/17,16648
1,比特币,all,2016/6/18,12375
1,比特币,all,2016/6/19,11468
1,比特币,all,2016/6/20,23630
1,比特币,all,2016/6/21,14546
1,比特币,all,2016/6/22,12268
1,比特币,all,2016/6/23,13294
1,比特币,all,2016/6/24,14627
1,比特币,all,2016/6/25,10333
1,比特币,all,2016/6/26,8515
1,比特币,all,2016/6/27,9844
1,比特币,all,2016/6/28,9705
1,比特币,all,2016/6/29,12497
1,比特币,all,2016/6/30,9042
1,比特币,all,2016/7/1,10757
1,比特币,all,2016/7/2,7941
1,比特币,all,2016/7/3,7470
1,比特币,all,2016/7/4,8313
1,比特币,all,2016/7/5,8095
1,比特币,all,2016/7/6,8050
1,比特币,all,2016/7/7,8920
1,比特币,all,2016/7/8,8773
1,比特币,all,2016/7/9,7604
1,比特币,all,2016/7/10,7949
1,比特币,all,2016/7/11,9285
1,比特币,all,2016/7/12,7682
1,比特币,all,2016/7/13,7995
1,比特币,all,2016/7/14,7601
1,比特币,all,2016/7/15,7532
1,比特币,all,2016/7/16,6679
1,比特币,all,2016/7/17,6320
1,比特币,all,2016/7/18,8218
1,比特币,all,2016/7/19,8682
1,比特币,all,2016/7/20,7570
1,比特币,all,2016/7/21,7122
1,比特币,all,2016/7/22,6912
1,比特币,all,2016/7/23,5886
1,比特币,all,2016/7/24,5756
1,比特币,all,2016/7/25,6895
1,比特币,all,2016/7/26,7868
1,比特币,all,2016/7/27,7629
1,比特币,all,2016/7/28,7064
1,比特币,all,2016/7/29,6515
1,比特币,all,2016/7/30,5982
1,比特币,all,2016/7/31,6107
1,比特币,all,2016/8/1,8285
1,比特币,all,2016/8/2,7471
1,比特币,all,2016/8/3,11994
1,比特币,all,2016/8/4,10606
1,比特币,all,2016/8/5,8971
1,比特币,all,2016/8/6,6797
1,比特币,all,2016/8/7,5956
1,比特币,all,2016/8/8,7220
1,比特币,all,2016/8/9,6240
1,比特币,all,2016/8/10,7150
1,比特币,all,2016/8/11,6328
1,比特币,all,2016/8/12,5615
1,比特币,all,2016/8/13,4651
1,比特币,all,2016/8/14,4653
1,比特币,all,2016/8/15,7183
1,比特币,all,2016/8/16,6224
1,比特币,all,2016/8/17,6014
1,比特币,all,2016/8/18,6143
1,比特币,all,2016/8/19,6650
1,比特币,all,2016/8/20,5339
1,比特币,all,2016/8/21,5051
1,比特币,all,2016/8/22,6819
1,比特币,all,2016/8/23,6112
1,比特币,all,2016/8/24,6315
1,比特币,all,2016/8/25,6201
1,比特币,all,2016/8/26,6694
1,比特币,all,2016/8/27,6444
1,比特币,all,2016/8/28,5435
1,比特币,all,2016/8/29,6460
1,比特币,all,2016/8/30,5849
1,比特币,all,2016/8/31,5432
1,比特币,all,2016/9/1,5187
1,比特币,all,2016/9/2,4958
1,比特币,all,2016/9/3,4258
1,比特币,all,2016/9/4,4913
1,比特币,all,2016/9/5,6719
1,比特币,all,2016/9/6,6059
1,比特币,all,2016/9/7,5964
1,比特币,all,2016/9/8,6257
1,比特币,all,2016/9/9,5685
1,比特币,all,2016/9/10,4976
1,比特币,all,2016/9/11,5373
1,比特币,all,2016/9/12,7195
1,比特币,all,2016/9/13,6038
1,比特币,all,2016/9/14,5292
1,比特币,all,2016/9/15,3787
1,比特币,all,2016/9/16,4007
1,比特币,all,2016/9/17,4539
1,比特币,all,2016/9/18,5509
1,比特币,all,2016/9/19,6183
1,比特币,all,2016/9/20,6184
1,比特币,all,2016/9/21,6248
1,比特币,all,2016/9/22,5879
1,比特币,all,2016/9/23,6000
1,比特币,all,2016/9/24,5686
1,比特币,all,2016/9/25,5607
1,比特币,all,2016/9/26,6821
1,比特币,all,2016/9/27,6072
1,比特币,all,2016/9/28,6075
1,比特币,all,2016/9/29,6398
1,比特币,all,2016/9/30,5158
1,比特币,all,2016/10/1,4355
1,比特币,all,2016/10/2,4398
1,比特币,all,2016/10/3,4248
1,比特币,all,2016/10/4,4731
1,比特币,all,2016/10/5,4713
1,比特币,all,2016/10/6,4882
1,比特币,all,2016/10/7,4972
1,比特币,all,2016/10/8,5809
1,比特币,all,2016/10/9,5746
1,比特币,all,2016/10/10,5858
1,比特币,all,2016/10/11,8951
1,比特币,all,2016/10/12,7401
1,比特币,all,2016/10/13,8625
1,比特币,all,2016/10/14,7621
1,比特币,all,2016/10/15,6228
1,比特币,all,2016/10/16,6813
1,比特币,all,2016/10/17,7914
1,比特币,all,2016/10/18,7244
1,比特币,all,2016/10/19,8601
1,比特币,all,2016/10/20,5864
1,比特币,all,2016/10/21,5186
1,比特币,all,2016/10/22,4830
1,比特币,all,2016/10/23,6668
1,比特币,all,2016/10/24,10778
1,比特币,all,2016/10/25,10955
1,比特币,all,2016/10/26,10785
1,比特币,all,2016/10/27,11788
1,比特币,all,2016/10/28,9885
1,比特币,all,2016/10/29,6206
1,比特币,all,2016/10/30,7509
1,比特币,all,2016/10/31,8654
1,比特币,all,2016/11/1,9370
1,比特币,all,2016/11/2,11965
1,比特币,all,2016/11/3,12411
1,比特币,all,2016/11/4,11299
1,比特币,all,2016/11/5,9404
1,比特币,all,2016/11/6,8224
1,比特币,all,2016/11/7,9293
1,比特币,all,2016/11/8,9485
1,比特币,all,2016/11/9,10510
1,比特币,all,2016/11/10,9864
1,比特币,all,2016/11/11,10017
1,比特币,all,2016/11/12,7233
1,比特币,all,2016/11/13,11229
1,比特币,all,2016/11/14,14138
1,比特币,all,2016/11/15,12611
1,比特币,all,2016/11/16,13712
1,比特币,all,2016/11/17,15868
1,比特币,all,2016/11/18,14939
1,比特币,all,2016/11/19,13346
1,比特币,all,2016/11/20,11582
1,比特币,all,2016/11/21,12832
1,比特币,all,2016/11/22,12185
1,比特币,all,2016/11/23,12839
1,比特币,all,2016/11/24,12936
1,比特币,all,2016/11/25,15005
1,比特币,all,2016/11/26,19555
1,比特币,all,2016/11/27,20264
1,比特币,all,2016/11/28,15770
1,比特币,all,2016/11/29,17154
1,比特币,all,2016/11/30,11874
1,比特币,all,2016/12/1,8758
1,比特币,all,2016/12/2,10454
1,比特币,all,2016/12/3,10854
1,比特币,all,2016/12/4,10229
1,比特币,all,2016/12/5,10502
1,比特币,all,2016/12/6,10817
1,比特币,all,2016/12/7,10404
1,比特币,all,2016/12/8,9863
1,比特币,all,2016/12/9,9019
1,比特币,all,2016/12/10,8103
1,比特币,all,2016/12/11,8258
1,比特币,all,2016/12/12,9539
1,比特币,all,2016/12/13,10078
1,比特币,all,2016/12/14,11221
1,比特币,all,2016/12/15,9723
1,比特币,all,2016/12/16,9070
1,比特币,all,2016/12/17,10532
1,比特币,all,2016/12/18,10155
1,比特币,all,2016/12/19,15312
1,比特币,all,2016/12/20,13681
1,比特币,all,2016/12/21,11469
1,比特币,all,2016/12/22,19358
1,比特币,all,2016/12/23,20729
1,比特币,all,2016/12/24,15430
1,比特币,all,2016/12/25,14018
1,比特币,all,2016/12/26,21424
1,比特币,all,2016/12/27,15363
1,比特币,all,2016/12/28,18867
1,比特币,all,2016/12/29,18475
1,比特币,all,2016/12/30,17107
1,比特币,all,2016/12/31,16806
1,比特币,all,2017/1/1,14164
1,比特币,all,2017/1/2,22614
1,比特币,all,2017/1/3,43225
1,比特币,all,2017/1/4,42914
1,比特币,all,2017/1/5,74799
1,比特币,all,2017/1/6,65188
1,比特币,all,2017/1/7,54115
1,比特币,all,2017/1/8,30317
1,比特币,all,2017/1/9,32558
1,比特币,all,2017/1/10,29518
1,比特币,all,2017/1/11,48266
1,比特币,all,2017/1/12,64713
1,比特币,all,2017/1/13,38727
1,比特币,all,2017/1/14,21774
1,比特币,all,2017/1/15,19031
1,比特币,all,2017/1/16,26573
1,比特币,all,2017/1/17,31137
1,比特币,all,2017/1/18,27226
1,比特币,all,2017/1/19,29177
1,比特币,all,2017/1/20,25558
1,比特币,all,2017/1/21,21785
1,比特币,all,2017/1/22,22044
1,比特币,all,2017/1/23,24408
1,比特币,all,2017/1/24,26256
1,比特币,all,2017/1/25,19850
1,比特币,all,2017/1/26,17373
1,比特币,all,2017/1/27,13927
1,比特币,all,2017/1/28,12715
1,比特币,all,2017/1/29,13119
1,比特币,all,2017/1/30,14963
1,比特币,all,2017/1/31,14491
1,比特币,all,2017/2/1,14886
1,比特币,all,2017/2/2,14283
1,比特币,all,2017/2/3,18546
1,比特币,all,2017/2/4,18754
1,比特币,all,2017/2/5,16778
1,比特币,all,2017/2/6,17616
1,比特币,all,2017/2/7,16388
1,比特币,all,2017/2/8,20231
1,比特币,all,2017/2/9,32156
1,比特币,all,2017/2/10,31934
1,比特币,all,2017/2/11,21209
1,比特币,all,2017/2/12,23493
1,比特币,all,2017/2/13,21910
1,比特币,all,2017/2/14,28067
1,比特币,all,2017/2/15,20005
1,比特币,all,2017/2/16,18416
1,比特币,all,2017/2/17,18322
1,比特币,all,2017/2/18,14168
1,比特币,all,2017/2/19,14993
1,比特币,all,2017/2/20,17871
1,比特币,all,2017/2/21,17034
1,比特币,all,2017/2/22,38708
1,比特币,all,2017/2/23,19138
1,比特币,all,2017/2/24,23550
1,比特币,all,2017/2/25,20010
1,比特币,all,2017/2/26,18993
1,比特币,all,2017/2/27,19424
1,比特币,all,2017/2/28,18627
1,比特币,all,2017/3/1,19619
1,比特币,all,2017/3/2,20389
1,比特币,all,2017/3/3,25117
1,比特币,all,2017/3/4,20370
1,比特币,all,2017/3/5,18604
1,比特币,all,2017/3/6,20815
1,比特币,all,2017/3/7,20908
1,比特币,all,2017/3/8,18071
1,比特币,all,2017/3/9,16160
1,比特币,all,2017/3/10,14766
1,比特币,all,2017/3/11,15370
1,比特币,all,2017/3/12,13292
1,比特币,all,2017/3/13,14451
1,比特币,all,2017/3/14,13326
1,比特币,all,2017/3/15,12489
1,比特币,all,2017/3/16,13323
1,比特币,all,2017/3/17,15127
1,比特币,all,2017/3/18,13688
1,比特币,all,2017/3/19,13823
1,比特币,all,2017/3/20,13647
1,比特币,all,2017/3/21,12619
1,比特币,all,2017/3/22,13608
1,比特币,all,2017/3/23,12463
1,比特币,all,2017/3/24,11294
1,比特币,all,2017/3/25,11808
1,比特币,all,2017/3/26,9406
1,比特币,all,2017/3/27,10430
1,比特币,all,2017/3/28,9837
1,比特币,all,2017/3/29,10821
1,比特币,all,2017/3/30,11246
1,比特币,all,2017/3/31,10750
1,比特币,all,2017/4/1,10228
1,比特币,all,2017/4/2,9681
1,比特币,all,2017/4/3,11413
1,比特币,all,2017/4/4,9936
1,比特币,all,2017/4/5,12656
1,比特币,all,2017/4/6,13460
1,比特币,all,2017/4/7,10496
1,比特币,all,2017/4/8,9133
1,比特币,all,2017/4/9,9740
1,比特币,all,2017/4/10,11916
1,比特币,all,2017/4/11,11801
1,比特币,all,2017/4/12,11765
1,比特币,all,2017/4/13,11214
1,比特币,all,2017/4/14,18395
1,比特币,all,2017/4/15,10387
1,比特币,all,2017/4/16,9681
1,比特币,all,2017/4/17,11511
1,比特币,all,2017/4/18,12705
1,比特币,all,2017/4/19,11521
1,比特币,all,2017/4/20,10410
1,比特币,all,2017/4/21,11499
1,比特币,all,2017/4/22,9746
1,比特币,all,2017/4/23,8683
1,比特币,all,2017/4/24,13156
1,比特币,all,2017/4/25,11289
1,比特币,all,2017/4/26,14272
1,比特币,all,2017/4/27,12788
1,比特币,all,2017/4/28,12182
1,比特币,all,2017/4/29,10452
1,比特币,all,2017/4/30,10327
1,比特币,all,2017/5/1,15393
1,比特币,all,2017/5/2,24655
1,比特币,all,2017/5/3,21995
1,比特币,all,2017/5/4,21128
1,比特币,all,2017/5/5,23941
1,比特币,all,2017/5/6,17496
1,比特币,all,2017/5/7,17810
1,比特币,all,2017/5/8,19767
1,比特币,all,2017/5/9,23674
1,比特币,all,2017/5/10,32466
1,比特币,all,2017/5/11,24070
1,比特币,all,2017/5/12,32160
1,比特币,all,2017/5/13,229052
1,比特币,all,2017/5/14,155197
1,比特币,all,2017/5/15,277582
1,比特币,all,2017/5/16,169926
1,比特币,all,2017/5/17,95439
1,比特币,all,2017/5/18,59651
1,比特币,all,2017/5/19,97807
1,比特币,all,2017/5/20,66251
1,比特币,all,2017/5/21,52324
1,比特币,all,2017/5/22,68438
1,比特币,all,2017/5/23,74098
1,比特币,all,2017/5/24,104906
1,比特币,all,2017/5/25,105333
1,比特币,all,2017/5/26,100441
1,比特币,all,2017/5/27,103708
1,比特币,all,2017/5/28,55201
1,比特币,all,2017/5/29,45910
1,比特币,all,2017/5/30,39189
1,比特币,all,2017/5/31,75054
1,比特币,all,2017/6/1,54325
1,比特币,all,2017/6/2,54300
1,比特币,all,2017/6/3,55572
1,比特币,all,2017/6/4,43500
1,比特币,all,2017/6/5,48113
1,比特币,all,2017/6/6,67954
1,比特币,all,2017/6/7,67202
1,比特币,all,2017/6/8,48801
1,比特币,all,2017/6/9,43944
1,比特币,all,2017/6/10,40285
1,比特币,all,2017/6/11,42982
1,比特币,all,2017/6/12,53516
1,比特币,all,2017/6/13,59201
1,比特币,all,2017/6/14,54642
1,比特币,all,2017/6/15,64386
1,比特币,all,2017/6/16,54378
1,比特币,all,2017/6/17,63103
1,比特币,all,2017/6/18,61430
1,比特币,all,2017/6/19,64981
1,比特币,all,2017/6/20,55912
1,比特币,all,2017/6/21,55901
1,比特币,all,2017/6/22,43470
1,比特币,all,2017/6/23,40716
1,比特币,all,2017/6/24,33038
1,比特币,all,2017/6/25,29006
1,比特币,all,2017/6/26,34537
1,比特币,all,2017/6/27,44738
1,比特币,all,2017/6/28,46198
1,比特币,all,2017/6/29,32153
1,比特币,all,2017/6/30,23251
1,比特币,all,2017/7/1,21039
1,比特币,all,2017/7/2,21727
1,比特币,all,2017/7/3,23253
1,比特币,all,2017/7/4,24786
1,比特币,all,2017/7/5,20822
1,比特币,all,2017/7/6,19697
1,比特币,all,2017/7/7,18742
1,比特币,all,2017/7/8,21396
1,比特币,all,2017/7/9,19146
1,比特币,all,2017/7/10,25403
1,比特币,all,2017/7/11,84484
1,比特币,all,2017/7/12,51199
1,比特币,all,2017/7/13,34569
1,比特币,all,2017/7/14,24753
1,比特币,all,2017/7/15,30807
1,比特币,all,2017/7/16,29191
1,比特币,all,2017/7/17,29390
1,比特币,all,2017/7/18,26903
1,比特币,all,2017/7/19,24909
1,比特币,all,2017/7/20,28388
1,比特币,all,2017/7/21,34187
1,比特币,all,2017/7/22,21205
1,比特币,all,2017/7/23,21100
1,比特币,all,2017/7/24,20474
1,比特币,all,2017/7/25,20097
1,比特币,all,2017/7/26,19353
1,比特币,all,2017/7/27,18633
1,比特币,all,2017/7/28,19593
1,比特币,all,2017/7/29,22252
1,比特币,all,2017/7/30,19104
1,比特币,all,2017/7/31,20259
1,比特币,all,2017/8/1,26929
1,比特币,all,2017/8/2,29953
1,比特币,all,2017/8/3,26308
1,比特币,all,2017/8/4,23546
1,比特币,all,2017/8/5,26994
1,比特币,all,2017/8/6,27398
1,比特币,all,2017/8/7,44371
1,比特币,all,2017/8/8,36575
1,比特币,all,2017/8/9,34367
1,比特币,all,2017/8/10,29624
1,比特币,all,2017/8/11,27059
1,比特币,all,2017/8/12,35899
1,比特币,all,2017/8/13,57952
1,比特币,all,2017/8/14,56518
1,比特币,all,2017/8/15,63475
1,比特币,all,2017/8/16,44086
1,比特币,all,2017/8/17,39877
1,比特币,all,2017/8/18,46466
1,比特币,all,2017/8/19,34166
1,比特币,all,2017/8/20,27530
1,比特币,all,2017/8/21,41396
1,比特币,all,2017/8/22,38262
1,比特币,all,2017/8/23,41770
1,比特币,all,2017/8/24,39246
1,比特币,all,2017/8/25,35680
1,比特币,all,2017/8/26,28479
1,比特币,all,2017/8/27,28987
1,比特币,all,2017/8/28,35344
1,比特币,all,2017/8/29,36514
1,比特币,all,2017/8/30,49466
1,比特币,all,2017/8/31,42436
1,比特币,all,2017/9/1,38707
1,比特币,all,2017/9/2,47248
1,比特币,all,2017/9/3,56487
1,比特币,all,2017/9/4,93031
1,比特币,all,2017/9/5,124143
1,比特币,all,2017/9/6,100804
1,比特币,all,2017/9/7,63205
1,比特币,all,2017/9/8,63002
1,比特币,all,2017/9/9,97478
1,比特币,all,2017/9/10,66171
1,比特币,all,2017/9/11,68452
1,比特币,all,2017/9/12,56317
1,比特币,all,2017/9/13,51683
1,比特币,all,2017/9/14,145232
1,比特币,all,2017/9/15,205086
1,比特币,all,2017/9/16,122996
1,比特币,all,2017/9/17,72084
1,比特币,all,2017/9/18,79259
1,比特币,all,2017/9/19,59781
1,比特币,all,2017/9/20,52891
1,比特币,all,2017/9/21,44661
1,比特币,all,2017/9/22,33089
1,比特币,all,2017/9/23,27316
1,比特币,all,2017/9/24,25872
1,比特币,all,2017/9/25,29246
1,比特币,all,2017/9/26,25841
1,比特币,all,2017/9/27,39162
1,比特币,all,2017/9/28,28533
1,比特币,all,2017/9/29,32175
1,比特币,all,2017/9/30,23728
1,比特币,all,2017/10/1,18777
1,比特币,all,2017/10/2,18531
1,比特币,all,2017/10/3,17218
1,比特币,all,2017/10/4,14117
1,比特币,all,2017/10/5,17088
1,比特币,all,2017/10/6,17281
1,比特币,all,2017/10/7,17455
1,比特币,all,2017/10/8,14559
1,比特币,all,2017/10/9,19866
1,比特币,all,2017/10/10,24415
1,比特币,all,2017/10/11,22394
1,比特币,all,2017/10/12,26023
1,比特币,all,2017/10/13,42552
1,比特币,all,2017/10/14,21317
1,比特币,all,2017/10/15,18714
1,比特币,all,2017/10/16,42560
1,比特币,all,2017/10/17,27235
1,比特币,all,2017/10/18,21099
1,比特币,all,2017/10/19,22736
1,比特币,all,2017/10/20,18497
1,比特币,all,2017/10/21,24098
1,比特币,all,2017/10/22,35122
1,比特币,all,2017/10/23,22031
1,比特币,all,2017/10/24,19366
1,比特币,all,2017/10/25,16040
1,比特币,all,2017/10/26,16044
1,比特币,all,2017/10/27,14996
1,比特币,all,2017/10/28,12439
1,比特币,all,2017/10/29,13454
1,比特币,all,2017/10/30,20350
1,比特币,all,2017/10/31,19260
1,比特币,all,2017/11/1,20429
1,比特币,all,2017/11/2,27446
1,比特币,all,2017/11/3,23965
1,比特币,all,2017/11/4,18131
1,比特币,all,2017/11/5,15755
1,比特币,all,2017/11/6,18880
1,比特币,all,2017/11/7,18039
1,比特币,all,2017/11/8,16905
1,比特币,all,2017/11/9,17489
1,比特币,all,2017/11/10,15501
1,比特币,all,2017/11/11,13363
1,比特币,all,2017/11/12,15399
1,比特币,all,2017/11/13,17822
1,比特币,all,2017/11/14,17176
1,比特币,all,2017/11/15,20823
1,比特币,all,2017/11/16,21248
1,比特币,all,2017/11/17,24632
1,比特币,all,2017/11/18,15073
1,比特币,all,2017/11/19,12552
1,比特币,all,2017/11/20,18435
1,比特币,all,2017/11/21,20960
1,比特币,all,2017/11/22,18542
1,比特币,all,2017/11/23,17623
1,比特币,all,2017/11/24,17506
1,比特币,all,2017/11/25,15660
1,比特币,all,2017/11/26,22157
1,比特币,all,2017/11/27,53160
1,比特币,all,2017/11/28,63712
1,比特币,all,2017/11/29,55242
1,比特币,all,2017/11/30,47458
1,比特币,all,2017/12/1,37983
1,比特币,all,2017/12/2,25963
1,比特币,all,2017/12/3,25264
1,比特币,all,2017/12/4,38066
1,比特币,all,2017/12/5,34602
1,比特币,all,2017/12/6,44630
1,比特币,all,2017/12/7,74764
1,比特币,all,2017/12/8,114336
1,比特币,all,2017/12/9,59920
1,比特币,all,2017/12/10,57712
1,比特币,all,2017/12/11,67856
1,比特币,all,2017/12/12,56150
1,比特币,all,2017/12/13,58316
1,比特币,all,2017/12/14,56308
1,比特币,all,2017/12/15,51536
1,比特币,all,2017/12/16,40318
1,比特币,all,2017/12/17,45173
1,比特币,all,2017/12/18,58124
1,比特币,all,2017/12/19,63127
1,比特币,all,2017/12/20,58115
1,比特币,all,2017/12/21,56754
1,比特币,all,2017/12/22,76847
1,比特币,all,2017/12/23,74426
1,比特币,all,2017/12/24,46765
1,比特币,all,2017/12/25,56657
1,比特币,all,2017/12/26,52241
1,比特币,all,2017/12/27,47194
1,比特币,all,2017/12/28,52897
1,比特币,all,2017/12/29,52770
1,比特币,all,2017/12/30,35170
1,比特币,all,2017/12/31,31766
1,比特币,all,2018/1/1,29089
1,比特币,all,2018/1/2,47188
1,比特币,all,2018/1/3,47040
1,比特币,all,2018/1/4,46429
1,比特币,all,2018/1/5,46653
1,比特币,all,2018/1/6,44228
1,比特币,all,2018/1/7,45460
1,比特币,all,2018/1/8,49331
1,比特币,all,2018/1/9,49051
1,比特币,all,2018/1/10,52243
1,比特币,all,2018/1/11,59630
1,比特币,all,2018/1/12,55415
1,比特币,all,2018/1/13,45284
1,比特币,all,2018/1/14,48695
1,比特币,all,2018/1/15,51483
1,比特币,all,2018/1/16,76882
1,比特币,all,2018/1/17,111100
1,比特币,all,2018/1/18,87382
1,比特币,all,2018/1/19,66129
1,比特币,all,2018/1/20,52935
1,比特币,all,2018/1/21,45912
1,比特币,all,2018/1/22,54864
1,比特币,all,2018/1/23,57716
1,比特币,all,2018/1/24,48149
1,比特币,all,2018/1/25,43852
1,比特币,all,2018/1/26,41375
1,比特币,all,2018/1/27,34082
1,比特币,all,2018/1/28,35583
1,比特币,all,2018/1/29,51173
1,比特币,all,2018/1/30,50149
1,比特币,all,2018/1/31,53490
1,比特币,all,2018/2/1,49047
1,比特币,all,2018/2/2,65860
1,比特币,all,2018/2/3,54005
1,比特币,all,2018/2/4,48291
1,比特币,all,2018/2/5,61009
1,比特币,all,2018/2/6,104756
1,比特币,all,2018/2/7,82165
1,比特币,all,2018/2/8,70115
1,比特币,all,2018/2/9,56745
1,比特币,all,2018/2/10,45199
1,比特币,all,2018/2/11,46395
1,比特币,all,2018/2/12,41653
1,比特币,all,2018/2/13,34620
1,比特币,all,2018/2/14,30975
1,比特币,all,2018/2/15,28487
1,比特币,all,2018/2/16,31309
1,比特币,all,2018/2/17,34683
1,比特币,all,2018/2/18,37665
1,比特币,all,2018/2/19,40440
1,比特币,all,2018/2/20,40899
1,比特币,all,2018/2/21,42858
1,比特币,all,2018/2/22,50186
1,比特币,all,2018/2/23,45082
1,比特币,all,2018/2/24,45646
1,比特币,all,2018/2/25,47163
1,比特币,all,2018/2/26,50794
1,比特币,all,2018/2/27,58211
1,比特币,all,2018/2/28,51847
1,比特币,all,2018/3/1,48259
1,比特币,all,2018/3/2,42867
1,比特币,all,2018/3/3,36830
1,比特币,all,2018/3/4,46285
1,比特币,all,2018/3/5,52749
1,比特币,all,2018/3/6,51160
1,比特币,all,2018/3/7,49527
1,比特币,all,2018/3/8,57106
1,比特币,all,2018/3/9,66257
1,比特币,all,2018/3/10,46773
1,比特币,all,2018/3/11,42836
1,比特币,all,2018/3/12,49607
1,比特币,all,2018/3/13,46977
1,比特币,all,2018/3/14,46241
1,比特币,all,2018/3/15,69775
1,比特币,all,2018/3/16,63280
1,比特币,all,2018/3/17,48865
1,比特币,all,2018/3/18,57726
1,比特币,all,2018/3/19,60717
1,比特币,all,2018/3/20,53427
1,比特币,all,2018/3/21,80075
1,比特币,all,2018/3/22,51994
1,比特币,all,2018/3/23,49166
1,比特币,all,2018/3/24,39840
1,比特币,all,2018/3/25,40522
1,比特币,all,2018/3/26,43244
1,比特币,all,2018/3/27,49121
1,比特币,all,2018/3/28,44019
1,比特币,all,2018/3/29,46291
1,比特币,all,2018/3/30,59589
1,比特币,all,2018/3/31,46020
1,比特币,all,2018/4/1,48266
1,比特币,all,2018/4/2,59647
1,比特币,all,2018/4/3,48649
1,比特币,all,2018/4/4,47487
1,比特币,all,2018/4/5,45121
1,比特币,all,2018/4/6,38120
1,比特币,all,2018/4/7,36703
1,比特币,all,2018/4/8,39114
1,比特币,all,2018/4/9,42399
1,比特币,all,2018/4/10,40711
1,比特币,all,2018/4/11,39507
1,比特币,all,2018/4/12,48791
1,比特币,all,2018/4/13,53361
1,比特币,all,2018/4/14,41445
1,比特币,all,2018/4/15,34305
1,比特币,all,2018/4/16,38901
1,比特币,all,2018/4/17,35980
1,比特币,all,2018/4/18,38545
1,比特币,all,2018/4/19,34991
1,比特币,all,2018/4/20,36765
1,比特币,all,2018/4/21,35984
1,比特币,all,2018/4/22,32238
1,比特币,all,2018/4/23,36116
1,比特币,all,2018/4/24,41710
1,比特币,all,2018/4/25,44853
1,比特币,all,2018/4/26,38918
1,比特币,all,2018/4/27,35596
1,比特币,all,2018/4/28,31969
1,比特币,all,2018/4/29,30263
1,比特币,all,2018/4/30,28356
1,比特币,all,2018/5/1,29960
1,比特币,all,2018/5/2,33790
1,比特币,all,2018/5/3,32328
1,比特币,all,2018/5/4,35696
1,比特币,all,2018/5/5,31409
1,比特币,all,2018/5/6,29223
1,比特币,all,2018/5/7,33564
1,比特币,all,2018/5/8,32229
1,比特币,all,2018/5/9,27666
1,比特币,all,2018/5/10,29460
1,比特币,all,2018/5/11,38509
1,比特币,all,2018/5/12,29279
1,比特币,all,2018/5/13,24799
1,比特币,all,2018/5/14,28929
1,比特币,all,2018/5/15,28241
1,比特币,all,2018/5/16,30029
1,比特币,all,2018/5/17,28547
1,比特币,all,2018/5/18,27686
1,比特币,all,2018/5/19,22946
1,比特币,all,2018/5/20,22844
1,比特币,all,2018/5/21,27913
1,比特币,all,2018/5/22,29776
1,比特币,all,2018/5/23,32005
1,比特币,all,2018/5/24,34642
1,比特币,all,2018/5/25,29738
1,比特币,all,2018/5/26,24793
1,比特币,all,2018/5/27,26393
1,比特币,all,2018/5/28,33446
1,比特币,all,2018/5/29,31696
1,比特币,all,2018/5/30,34178
1,比特币,all,2018/5/31,30615
1,比特币,all,2018/6/1,24974
1,比特币,all,2018/6/2,22761
1,比特币,all,2018/6/3,22373
1,比特币,all,2018/6/4,28406
1,比特币,all,2018/6/5,29504
1,比特币,all,2018/6/6,27302
1,比特币,all,2018/6/7,26366
1,比特币,all,2018/6/8,19214
1,比特币,all,2018/6/9,20067
1,比特币,all,2018/6/10,21639
1,比特币,all,2018/6/11,52598
1,比特币,all,2018/6/12,37652
1,比特币,all,2018/6/13,38090
1,比特币,all,2018/6/14,36889
1,比特币,all,2018/6/15,27045
1,比特币,all,2018/6/16,18855
1,比特币,all,2018/6/17,19403
1,比特币,all,2018/6/18,19080
1,比特币,all,2018/6/19,28834
1,比特币,all,2018/6/20,32589
1,比特币,all,2018/6/21,23261
1,比特币,all,2018/6/22,22772
1,比特币,all,2018/6/23,24316
1,比特币,all,2018/6/24,25295
1,比特币,all,2018/6/25,26967
1,比特币,all,2018/6/26,24936
1,比特币,all,2018/6/27,25787
1,比特币,all,2018/6/28,23322
1,比特币,all,2018/6/29,27524
1,比特币,all,2018/6/30,23705
1,比特币,all,2018/7/1,19890
1,比特币,all,2018/7/2,22855
1,比特币,all,2018/7/3,27252
1,比特币,all,2018/7/4,27149
1,比特币,all,2018/7/5,29206
1,比特币,all,2018/7/6,24534
1,比特币,all,2018/7/7,19133
1,比特币,all,2018/7/8,17893
1,比特币,all,2018/7/9,19036
1,比特币,all,2018/7/10,18808
1,比特币,all,2018/7/11,17924
1,比特币,all,2018/7/12,16684
1,比特币,all,2018/7/13,17119
1,比特币,all,2018/7/14,14820
1,比特币,all,2018/7/15,13916
1,比特币,all,2018/7/16,19555
1,比特币,all,2018/7/17,21137
1,比特币,all,2018/7/18,29707
1,比特币,all,2018/7/19,25564
1,比特币,all,2018/7/20,24187
1,比特币,all,2018/7/21,18557
1,比特币,all,2018/7/22,18414
1,比特币,all,2018/7/23,25646
1,比特币,all,2018/7/24,46928
1,比特币,all,2018/7/25,37638
1,比特币,all,2018/7/26,28640
1,比特币,all,2018/7/27,26962
1,比特币,all,2018/7/28,22383
1,比特币,all,2018/7/29,20546
1,比特币,all,2018/7/30,22939
1,比特币,all,2018/7/31,23949
1,比特币,all,2018/8/1,24475
1,比特币,all,2018/8/2,23487
1,比特币,all,2018/8/3,23697
1,比特币,all,2018/8/4,20076
1,比特币,all,2018/8/5,20367
1,比特币,all,2018/8/6,32275
1,比特币,all,2018/8/7,26582
1,比特币,all,2018/8/8,27665
1,比特币,all,2018/8/9,28645
1,比特币,all,2018/8/10,25348
1,比特币,all,2018/8/11,26125
1,比特币,all,2018/8/12,23666
1,比特币,all,2018/8/13,27173
1,比特币,all,2018/8/14,35121
1,比特币,all,2018/8/15,30733
1,比特币,all,2018/8/16,27617
1,比特币,all,2018/8/17,24420
1,比特币,all,2018/8/18,21233
1,比特币,all,2018/8/19,21255
1,比特币,all,2018/8/20,25830
1,比特币,all,2018/8/21,24053
1,比特币,all,2018/8/22,28761
1,比特币,all,2018/8/23,26215
1,比特币,all,2018/8/24,22948
1,比特币,all,2018/8/25,20278
1,比特币,all,2018/8/26,17509
1,比特币,all,2018/8/27,22781
1,比特币,all,2018/8/28,28189
1,比特币,all,2018/8/29,29672
1,比特币,all,2018/8/30,24243
1,比特币,all,2018/8/31,19478
1,比特币,all,2018/9/1,22698
1,比特币,all,2018/9/2,15829
1,比特币,all,2018/9/3,18789
1,比特币,all,2018/9/4,19319
1,比特币,all,2018/9/5,21536
1,比特币,all,2018/9/6,33556
1,比特币,all,2018/9/7,21261
1,比特币,all,2018/9/8,14868
1,比特币,all,2018/9/9,16170
1,比特币,all,2018/9/10,19894
1,比特币,all,2018/9/11,18948
1,比特币,all,2018/9/12,22326
1,比特币,all,2018/9/13,21932
1,比特币,all,2018/9/14,19595
1,比特币,all,2018/9/15,13914
1,比特币,all,2018/9/16,12623
1,比特币,all,2018/9/17,15340
1,比特币,all,2018/9/18,17102
1,比特币,all,2018/9/19,14095
1,比特币,all,2018/9/20,14085
1,比特币,all,2018/9/21,14260
1,比特币,all,2018/9/22,14383
1,比特币,all,2018/9/23,11753
1,比特币,all,2018/9/24,10015
1,比特币,all,2018/9/25,14181
1,比特币,all,2018/9/26,16558
1,比特币,all,2018/9/27,16838
1,比特币,all,2018/9/28,16306
1,比特币,all,2018/9/29,14772
1,比特币,all,2018/9/30,14367
1,比特币,all,2018/10/1,11918
1,比特币,all,2018/10/2,11471
1,比特币,all,2018/10/3,12305
1,比特币,all,2018/10/4,12428
1,比特币,all,2018/10/5,12074
1,比特币,all,2018/10/6,13537
1,比特币,all,2018/10/7,13615
1,比特币,all,2018/10/8,23664
1,比特币,all,2018/10/9,22260
1,比特币,all,2018/10/10,20562
1,比特币,all,2018/10/11,21987
1,比特币,all,2018/10/12,17183
1,比特币,all,2018/10/13,13557
1,比特币,all,2018/10/14,12824
1,比特币,all,2018/10/15,20975
1,比特币,all,2018/10/16,21686
1,比特币,all,2018/10/17,17814
1,比特币,all,2018/10/18,18997
1,比特币,all,2018/10/19,17392
1,比特币,all,2018/10/20,14445
1,比特币,all,2018/10/21,14019
1,比特币,all,2018/10/22,16366
1,比特币,all,2018/10/23,15862
1,比特币,all,2018/10/24,15355
1,比特币,all,2018/10/25,14635
1,比特币,all,2018/10/26,16590
1,比特币,all,2018/10/27,14671
1,比特币,all,2018/10/28,12785
1,比特币,all,2018/10/29,14757
1,比特币,all,2018/10/30,15741
1,比特币,all,2018/10/31,14943
1,比特币,all,2018/11/1,18460
1,比特币,all,2018/11/2,17567
1,比特币,all,2018/11/3,13471
1,比特币,all,2018/11/4,12443
1,比特币,all,2018/11/5,15507
1,比特币,all,2018/11/6,17649
1,比特币,all,2018/11/7,17639
1,比特币,all,2018/11/8,15528
1,比特币,all,2018/11/9,22367
1,比特币,all,2018/11/10,13602
1,比特币,all,2018/11/11,11681
1,比特币,all,2018/11/12,15313
1,比特币,all,2018/11/13,13853
1,比特币,all,2018/11/14,16377
1,比特币,all,2018/11/15,33857
1,比特币,all,2018/11/16,23924
1,比特币,all,2018/11/17,19896
1,比特币,all,2018/11/18,17485
1,比特币,all,2018/11/19,24321
1,比特币,all,2018/11/20,56026
1,比特币,all,2018/11/21,88513
1,比特币,all,2018/11/22,81888
1,比特币,all,2018/11/23,60311
1,比特币,all,2018/11/24,38124
1,比特币,all,2018/11/25,66568
1,比特币,all,2018/11/26,84139
1,比特币,all,2018/11/27,63333
1,比特币,all,2018/11/28,48359
1,比特币,all,2018/11/29,41035
1,比特币,all,2018/11/30,35915
1,比特币,all,2018/12/1,32839
1,比特币,all,2018/12/2,29506
1,比特币,all,2018/12/3,38252
1,比特币,all,2018/12/4,39517
1,比特币,all,2018/12/5,36708
1,比特币,all,2018/12/6,35495
1,比特币,all,2018/12/7,43491
1,比特币,all,2018/12/8,33447
1,比特币,all,2018/12/9,27847
1,比特币,all,2018/12/10,28576
1,比特币,all,2018/12/11,26939
1,比特币,all,2018/12/12,21936
1,比特币,all,2018/12/13,22301
1,比特币,all,2018/12/14,36631
1,比特币,all,2018/12/15,22985
1,比特币,all,2018/12/16,25228
1,比特币,all,2018/12/17,27182
1,比特币,all,2018/12/18,30796
1,比特币,all,2018/12/19,60707
1,比特币,all,2018/12/20,37888
1,比特币,all,2018/12/21,30858
1,比特币,all,2018/12/22,20600
1,比特币,all,2018/12/23,19601
1,比特币,all,2018/12/24,21850
1,比特币,all,2018/12/25,22976
1,比特币,all,2018/12/26,23171
1,比特币,all,2018/12/27,21422
1,比特币,all,2018/12/28,20850
1,比特币,all,2018/12/29,18589
1,比特币,all,2018/12/30,15548
1,比特币,all,2018/12/31,14528
1,比特币,all,2019/1/1,14124
1,比特币,all,2019/1/2,19141
1,比特币,all,2019/1/3,18683
1,比特币,all,2019/1/4,18623
1,比特币,all,2019/1/5,15444
1,比特币,all,2019/1/6,15894
1,比特币,all,2019/1/7,18406
1,比特币,all,2019/1/8,17085
1,比特币,all,2019/1/9,17100
1,比特币,all,2019/1/10,19361
1,比特币,all,2019/1/11,19000
1,比特币,all,2019/1/12,14685
1,比特币,all,2019/1/13,13502
1,比特币,all,2019/1/14,17527
1,比特币,all,2019/1/15,18018
1,比特币,all,2019/1/16,14467
1,比特币,all,2019/1/17,14275
1,比特币,all,2019/1/18,15075
1,比特币,all,2019/1/19,12947
1,比特币,all,2019/1/20,12516
1,比特币,all,2019/1/21,13889
1,比特币,all,2019/1/22,13398
1,比特币,all,2019/1/23,13174
1,比特币,all,2019/1/24,13123
1,比特币,all,2019/1/25,12816
1,比特币,all,2019/1/26,11476
1,比特币,all,2019/1/27,10698
1,比特币,all,2019/1/28,12210
1,比特币,all,2019/1/29,11881
1,比特币,all,2019/1/30,11753
1,比特币,all,2019/1/31,11561
1,比特币,all,2019/2/1,10379
1,比特币,all,2019/2/2,9698
1,比特币,all,2019/2/3,9395
1,比特币,all,2019/2/4,9708
1,比特币,all,2019/2/5,9407
1,比特币,all,2019/2/6,12632
1,比特币,all,2019/2/7,10572
1,比特币,all,2019/2/8,11280
1,比特币,all,2019/2/9,13787
1,比特币,all,2019/2/10,13073
1,比特币,all,2019/2/11,15662
1,比特币,all,2019/2/12,14703
1,比特币,all,2019/2/13,16760
1,比特币,all,2019/2/14,15143
1,比特币,all,2019/2/15,15509
1,比特币,all,2019/2/16,13833
1,比特币,all,2019/2/17,13293
1,比特币,all,2019/2/18,17265
1,比特币,all,2019/2/19,19509
1,比特币,all,2019/2/20,18436
1,比特币,all,2019/2/21,18921
1,比特币,all,2019/2/22,16924
1,比特币,all,2019/2/23,14367
1,比特币,all,2019/2/24,18077
1,比特币,all,2019/2/25,22456
1,比特币,all,2019/2/26,15723
1,比特币,all,2019/2/27,17885
1,比特币,all,2019/2/28,16517
1,比特币,all,2019/3/1,15763
1,比特币,all,2019/3/2,12952
1,比特币,all,2019/3/3,13209
1,比特币,all,2019/3/4,16669
1,比特币,all,2019/3/5,17105
1,比特币,all,2019/3/6,15344
1,比特币,all,2019/3/7,15604
1,比特币,all,2019/3/8,13384
1,比特币,all,2019/3/9,13625
1,比特币,all,2019/3/10,12986
1,比特币,all,2019/3/11,16269
1,比特币,all,2019/3/12,15378
1,比特币,all,2019/3/13,15528
1,比特币,all,2019/3/14,15815
1,比特币,all,2019/3/15,14568
1,比特币,all,2019/3/16,11379
1,比特币,all,2019/3/17,11343
1,比特币,all,2019/3/18,11406
1,比特币,all,2019/3/19,14844
1,比特币,all,2019/3/20,16064
1,比特币,all,2019/3/21,15585
1,比特币,all,2019/3/22,16118
1,比特币,all,2019/3/23,16900
1,比特币,all,2019/3/24,11855
1,比特币,all,2019/3/25,13015
1,比特币,all,2019/3/26,14926
1,比特币,all,2019/3/27,12398
1,比特币,all,2019/3/28,11746
1,比特币,all,2019/3/29,13970
1,比特币,all,2019/3/30,9552
1,比特币,all,2019/3/31,8620
1,比特币,all,2019/4/1,14342
1,比特币,all,2019/4/2,42385
1,比特币,all,2019/4/3,49313
1,比特币,all,2019/4/4,44444
1,比特币,all,2019/4/5,23241
1,比特币,all,2019/4/6,21552
1,比特币,all,2019/4/7,24053
1,比特币,all,2019/4/8,32472
1,比特币,all,2019/4/9,32052
1,比特币,all,2019/4/10,28864
1,比特币,all,2019/4/11,27689
1,比特币,all,2019/4/12,23482
1,比特币,all,2019/4/13,18676
1,比特币,all,2019/4/14,23524
1,比特币,all,2019/4/15,21202
1,比特币,all,2019/4/16,14575
1,比特币,all,2019/4/17,18145
1,比特币,all,2019/4/18,20032
1,比特币,all,2019/4/19,15325
1,比特币,all,2019/4/20,12953
1,比特币,all,2019/4/21,15223
1,比特币,all,2019/4/22,24123
1,比特币,all,2019/4/23,21410
1,比特币,all,2019/4/24,19531
1,比特币,all,2019/4/25,20895
1,比特币,all,2019/4/26,21026
1,比特币,all,2019/4/27,17284
1,比特币,all,2019/4/28,17426
1,比特币,all,2019/4/29,16812
1,比特币,all,2019/4/30,13797
1,比特币,all,2019/5/1,13702
1,比特币,all,2019/5/2,14512
1,比特币,all,2019/5/3,20226
1,比特币,all,2019/5/4,24476
1,比特币,all,2019/5/5,25814
1,比特币,all,2019/5/6,25885
1,比特币,all,2019/5/7,25782
1,比特币,all,2019/5/8,25783
1,比特币,all,2019/5/9,31167
1,比特币,all,2019/5/10,34685
1,比特币,all,2019/5/11,42224
1,比特币,all,2019/5/12,59753
1,比特币,all,2019/5/13,59707
1,比特币,all,2019/5/14,111783
1,比特币,all,2019/5/15,75524
1,比特币,all,2019/5/16,65418
1,比特币,all,2019/5/17,75072
1,比特币,all,2019/5/18,57480
1,比特币,all,2019/5/19,55480
1,比特币,all,2019/5/20,50833
1,比特币,all,2019/5/21,42461
1,比特币,all,2019/5/22,36032
1,比特币,all,2019/5/23,46231
1,比特币,all,2019/5/24,34439
1,比特币,all,2019/5/25,26232
1,比特币,all,2019/5/26,25071
1,比特币,all,2019/5/27,51118
1,比特币,all,2019/5/28,54041
1,比特币,all,2019/5/29,41015
1,比特币,all,2019/5/30,45102
1,比特币,all,2019/5/31,43686
1,比特币,all,2019/6/1,33304
1,比特币,all,2019/6/2,29128
1,比特币,all,2019/6/3,48610
1,比特币,all,2019/6/4,49710
1,比特币,all,2019/6/5,53884
1,比特币,all,2019/6/6,37834
1,比特币,all,2019/6/7,42212
1,比特币,all,2019/6/8,27575
1,比特币,all,2019/6/9,38614
1,比特币,all,2019/6/10,43622
1,比特币,all,2019/6/11,41758
1,比特币,all,2019/6/12,43754
1,比特币,all,2019/6/13,36294
1,比特币,all,2019/6/14,32434
1,比特币,all,2019/6/15,28355
1,比特币,all,2019/6/16,36552
1,比特币,all,2019/6/17,41631
1,比特币,all,2019/6/18,39489
1,比特币,all,2019/6/19,38619
1,比特币,all,2019/6/20,40513
1,比特币,all,2019/6/21,50891
1,比特币,all,2019/6/22,94922
1,比特币,all,2019/6/23,77610
1,比特币,all,2019/6/24,75827
1,比特币,all,2019/6/25,81822
1,比特币,all,2019/6/26,127965
1,比特币,all,2019/6/27,143827
1,比特币,all,2019/6/28,111795
1,比特币,all,2019/6/29,74722
1,比特币,all,2019/6/30,66624
1,比特币,all,2019/7/1,76830
1,比特币,all,2019/7/2,89345
1,比特币,all,2019/7/3,79304
1,比特币,all,2019/7/4,73235
1,比特币,all,2019/7/5,70465
1,比特币,all,2019/7/6,57060
1,比特币,all,2019/7/7,38598
1,比特币,all,2019/7/8,48635
1,比特币,all,2019/7/9,63102
1,比特币,all,2019/7/10,71410
1,比特币,all,2019/7/11,64005
1,比特币,all,2019/7/12,56230
1,比特币,all,2019/7/13,42579
1,比特币,all,2019/7/14,61024
1,比特币,all,2019/7/15,60188
1,比特币,all,2019/7/16,55224
1,比特币,all,2019/7/17,62334
1,比特币,all,2019/7/18,62474
1,比特币,all,2019/7/19,49465
1,比特币,all,2019/7/20,36478
1,比特币,all,2019/7/21,32152
1,比特币,all,2019/7/22,40963
1,比特币,all,2019/7/23,41119
1,比特币,all,2019/7/24,42849
1,比特币,all,2019/7/25,36088
1,比特币,all,2019/7/26,36384
1,比特币,all,2019/7/27,30053
1,比特币,all,2019/7/28,28887
1,比特币,all,2019/7/29,32137
1,比特币,all,2019/7/30,33419
1,比特币,all,2019/7/31,30403
1,比特币,all,2019/8/1,30397
1,比特币,all,2019/8/2,33921
1,比特币,all,2019/8/3,31777
1,比特币,all,2019/8/4,29562
1,比特币,all,2019/8/5,48776
1,比特币,all,2019/8/6,50747
1,比特币,all,2019/8/7,39136
1,比特币,all,2019/8/8,38096
1,比特币,all,2019/8/9,34545
1,比特币,all,2019/8/10,28332
1,比特币,all,2019/8/11,26746
1,比特币,all,2019/8/12,26740
1,比特币,all,2019/8/13,28020
1,比特币,all,2019/8/14,30286
1,比特币,all,2019/8/15,35144
1,比特币,all,2019/8/16,29417
1,比特币,all,2019/8/17,23935
1,比特币,all,2019/8/18,22615
1,比特币,all,2019/8/19,27624
1,比特币,all,2019/8/20,27614
1,比特币,all,2019/8/21,26377
1,比特币,all,2019/8/22,26720
1,比特币,all,2019/8/23,24148
1,比特币,all,2019/8/24,24716
1,比特币,all,2019/8/25,24379
1,比特币,all,2019/8/26,38273
1,比特币,all,2019/8/27,31841
1,比特币,all,2019/8/28,28216
1,比特币,all,2019/8/29,32813
1,比特币,all,2019/8/30,35644
1,比特币,all,2019/8/31,22452
1,比特币,all,2019/9/1,21156
1,比特币,all,2019/9/2,55914
1,比特币,all,2019/9/3,77227
1,比特币,all,2019/9/4,37943
1,比特币,all,2019/9/5,30903
1,比特币,all,2019/9/6,26229
1,比特币,all,2019/9/7,22221
1,比特币,all,2019/9/8,21462
1,比特币,all,2019/9/9,23781
1,比特币,all,2019/9/10,24861
1,比特币,all,2019/9/11,24313
1,比特币,all,2019/9/12,21622
1,比特币,all,2019/9/13,17574
1,比特币,all,2019/9/14,17480
1,比特币,all,2019/9/15,30855
1,比特币,all,2019/9/16,23444
1,比特币,all,2019/9/17,21082
1,比特币,all,2019/9/18,19874
1,比特币,all,2019/9/19,21973
1,比特币,all,2019/9/20,20339
1,比特币,all,2019/9/21,17047
1,比特币,all,2019/9/22,18443
1,比特币,all,2019/9/23,22255
1,比特币,all,2019/9/24,22271
1,比特币,all,2019/9/25,53891
1,比特币,all,2019/9/26,45051
1,比特币,all,2019/9/27,37435
1,比特币,all,2019/9/28,27128
1,比特币,all,2019/9/29,26573
1,比特币,all,2019/9/30,23859
1,比特币,all,2019/10/1,17748
1,比特币,all,2019/10/2,17897
1,比特币,all,2019/10/3,18103
1,比特币,all,2019/10/4,17895
1,比特币,all,2019/10/5,17265
1,比特币,all,2019/10/6,18389
1,比特币,all,2019/10/7,23624
1,比特币,all,2019/10/8,29739
1,比特币,all,2019/10/9,24488
1,比特币,all,2019/10/10,30951
1,比特币,all,2019/10/11,24880
1,比特币,all,2019/10/12,20674
1,比特币,all,2019/10/13,17991
1,比特币,all,2019/10/14,21360
1,比特币,all,2019/10/15,19905
1,比特币,all,2019/10/16,21446
1,比特币,all,2019/10/17,22256
1,比特币,all,2019/10/18,19729
1,比特币,all,2019/10/19,17011
1,比特币,all,2019/10/20,17307
1,比特币,all,2019/10/21,19912
1,比特币,all,2019/10/22,18439
1,比特币,all,2019/10/23,23396
1,比特币,all,2019/10/24,29296
1,比特币,all,2019/10/25,27669
1,比特币,all,2019/10/26,87670
1,比特币,all,2019/10/27,54305
1,比特币,all,2019/10/28,75040
1,比特币,all,2019/10/29,57490
1,比特币,all,2019/10/30,41077
1,比特币,all,2019/10/31,36327
1,比特币,all,2019/11/1,28929
1,比特币,all,2019/11/2,24150
1,比特币,all,2019/11/3,23910
1,比特币,all,2019/11/4,28324
1,比特币,all,2019/11/5,28558
1,比特币,all,2019/11/6,27685
1,比特币,all,2019/11/7,25599
1,比特币,all,2019/11/8,25884
1,比特币,all,2019/11/9,32073
1,比特币,all,2019/11/10,24743
1,比特币,all,2019/11/11,24912
1,比特币,all,2019/11/12,22671
1,比特币,all,2019/11/13,20819
1,比特币,all,2019/11/14,19854
1,比特币,all,2019/11/15,18771
1,比特币,all,2019/11/16,17868
1,比特币,all,2019/11/17,16760
1,比特币,all,2019/11/18,19043
1,比特币,all,2019/11/19,21012
1,比特币,all,2019/11/20,22576
1,比特币,all,2019/11/21,27921
1,比特币,all,2019/11/22,34788
1,比特币,all,2019/11/23,37979
1,比特币,all,2019/11/24,30409
1,比特币,all,2019/11/25,39258
1,比特币,all,2019/11/26,31424
1,比特币,all,2019/11/27,28690
1,比特币,all,2019/11/28,39707
1,比特币,all,2019/11/29,39329
1,比特币,all,2019/11/30,22695
1,比特币,all,2019/12/1,38977
1,比特币,all,2019/12/2,33932
1,比特币,all,2019/12/3,26965
1,比特币,all,2019/12/4,23448
1,比特币,all,2019/12/5,23635
1,比特币,all,2019/12/6,21529
1,比特币,all,2019/12/7,18398
1,比特币,all,2019/12/8,17071
1,比特币,all,2019/12/9,20023
1,比特币,all,2019/12/10,19905
1,比特币,all,2019/12/11,19340
1,比特币,all,2019/12/12,18619
1,比特币,all,2019/12/13,20948
1,比特币,all,2019/12/14,20535
1,比特币,all,2019/12/15,22287
1,比特币,all,2019/12/16,21111
1,比特币,all,2019/12/17,25739
1,比特币,all,2019/12/18,27913
1,比特币,all,2019/12/19,26007
1,比特币,all,2019/12/20,20248
1,比特币,all,2019/12/21,17704
1,比特币,all,2019/12/22,16236
1,比特币,all,2019/12/23,21517
1,比特币,all,2019/12/24,19799
1,比特币,all,2019/12/25,19564
1,比特币,all,2019/12/26,19379
1,比特币,all,2019/12/27,18047
1,比特币,all,2019/12/28,18856
1,比特币,all,2019/12/29,16992
1,比特币,all,2019/12/30,19401
1,比特币,all,2019/12/31,18275
1,比特币,all,2020/1/1,15858
